make_and_model,2019-01-01,2019-02-01,2019-03-01,2019-04-01,2019-05-01,2019-06-01,2019-07-01,2019-08-01,2019-09-01,2019-10-01,2019-11-01,2019-12-01,2020-01-01,2020-02-01,2020-03-01,2020-04-01,2020-05-01,2020-06-01,2020-07-01,2020-08-01,2020-09-01,2020-10-01,2020-11-01,2020-12-01,2021-01-01,2021-02-01,2021-03-01,2021-04-01,2021-05-01,2021-06-01,2021-07-01,2021-08-01,2021-09-01,2021-10-01,2021-11-01,2021-12-01,Category
acura nsx,0.0,1.0,4.0,2.0,6.0,4.0,0.0,2.0,0.0,1.0,1.0,1.0,1.0,1.0,0.0,2.0,4.0,1.0,8.0,2.0,2.0,2.0,0.0,2.0,0.0,2.0,3.0,5.0,5.0,1.0,1.0,2.0,3.0,0.0,1.0,0.0,Coupe
acura rdx,473.0,454.0,591.0,764.0,980.0,894.0,819.0,963.0,973.0,985.0,941.0,879.0,521.0,612.0,250.0,156.0,630.0,892.0,901.0,716.0,755.0,629.0,797.0,2310.0,443.0,466.0,650.0,552.0,607.0,738.0,747.0,720.0,788.0,854.0,661.0,750.0,SUV
acura rlx,5.0,5.0,3.0,4.0,6.0,4.0,2.0,11.0,5.0,5.0,5.0,0.0,5.0,1.0,2.0,0.0,1.0,1.0,3.0,0.0,0.0,3.0,1.0,6.0,0.0,0.0,1.0,0.0,0.0,0.0,0.0,0.0,1.0,0.0,0.0,0.0,Sedan
acura tlx,176.0,342.0,402.0,0.0,282.0,230.0,246.0,154.0,280.0,268.0,223.0,270.0,223.0,161.0,107.0,77.0,0.0,382.0,291.0,255.0,0.0,316.0,190.0,648.0,111.0,112.0,309.0,0.0,1.0,0.0,391.0,249.0,225.0,143.0,155.0,85.0,Sedan
alfa romeo 4c,2.0,2.0,5.0,7.0,10.0,4.0,5.0,5.0,1.0,3.0,3.0,0.0,2.0,2.0,1.0,2.0,4.0,4.0,1.0,1.0,1.0,0.0,0.0,0.0,1.0,1.0,1.0,3.0,3.0,3.0,0.0,0.0,0.0,0.0,0.0,0.0,Coupe
alfa romeo giulia,12.0,29.0,22.0,20.0,35.0,23.0,22.0,25.0,10.0,18.0,15.0,11.0,12.0,16.0,10.0,8.0,18.0,19.0,20.0,17.0,19.0,16.0,13.0,19.0,12.0,12.0,14.0,26.0,25.0,26.0,15.0,14.0,15.0,14.0,14.0,14.0,Sedan
alfa romeo stelvio,25.0,17.0,40.0,46.0,38.0,38.0,32.0,36.0,72.0,31.0,26.0,57.0,23.0,30.0,18.0,16.0,36.0,37.0,62.0,55.0,59.0,51.0,42.0,58.0,42.0,42.0,48.0,59.0,57.0,59.0,68.0,65.0,68.0,67.0,67.0,67.0,SUV
audi a3,203.0,147.0,254.0,334.0,413.0,442.0,116.0,220.0,499.0,222.0,175.0,92.0,112.0,145.0,88.0,93.0,208.0,218.0,205.0,183.0,198.0,91.0,75.0,104.0,40.0,40.0,45.0,2.0,2.0,2.0,0.0,0.0,0.0,98.0,98.0,98.0,"Convertible, Sedan"
audi a4,208.0,226.0,318.0,419.0,508.0,382.0,368.0,388.0,312.0,381.0,289.0,118.0,119.0,154.0,93.0,71.0,158.0,166.0,316.0,281.0,304.0,191.0,157.0,219.0,113.0,113.0,127.0,224.0,216.0,224.0,117.0,113.0,117.0,46.0,46.0,46.0,Sedan
audi a5,255.0,312.0,381.0,446.0,492.0,398.0,281.0,346.0,433.0,416.0,294.0,169.0,153.0,198.0,120.0,122.0,271.0,284.0,299.0,266.0,288.0,171.0,140.0,195.0,181.0,181.0,204.0,431.0,414.0,431.0,177.0,170.0,177.0,85.0,85.0,85.0,"Coupe, Sedan, Convertible"
audi a6,41.0,47.0,75.0,109.0,53.0,42.0,33.0,41.0,53.0,79.0,70.0,44.0,38.0,50.0,30.0,20.0,44.0,47.0,42.0,37.0,40.0,60.0,50.0,69.0,95.0,95.0,107.0,91.0,87.0,91.0,34.0,33.0,34.0,32.0,32.0,32.0,Sedan
audi a7,51.0,37.0,72.0,79.0,67.0,57.0,34.0,33.0,48.0,48.0,48.0,34.0,34.0,44.0,26.0,20.0,45.0,47.0,29.0,26.0,28.0,28.0,23.0,32.0,37.0,37.0,42.0,60.0,57.0,60.0,17.0,16.0,17.0,16.0,16.0,16.0,Sedan
audi a8,15.0,7.0,15.0,14.0,10.0,19.0,4.0,3.0,4.0,18.0,15.0,13.0,14.0,19.0,11.0,8.0,18.0,18.0,6.0,6.0,6.0,7.0,6.0,8.0,6.0,6.0,6.0,8.0,7.0,8.0,6.0,6.0,6.0,3.0,3.0,3.0,Sedan
audi e tron,0.0,0.0,0.0,0.0,0.0,113.0,98.0,42.0,71.0,58.0,75.0,33.0,33.0,43.0,26.0,15.0,33.0,34.0,43.0,38.0,41.0,82.0,67.0,93.0,45.0,45.0,51.0,1.0,1.0,1.0,55.0,53.0,55.0,49.0,49.0,49.0,SUV
audi q3,77.0,0.0,0.0,0.0,0.0,0.0,371.0,730.0,457.0,668.0,929.0,502.0,410.0,531.0,321.0,201.0,446.0,468.0,559.0,497.0,539.0,667.0,548.0,762.0,553.0,553.0,622.0,843.0,810.0,843.0,581.0,559.0,581.0,574.0,574.0,574.0,SUV
audi q5,626.0,603.0,1025.0,1349.0,1346.0,833.0,781.0,921.0,1070.0,859.0,1009.0,433.0,460.0,596.0,361.0,330.0,734.0,771.0,912.0,811.0,879.0,740.0,608.0,846.0,623.0,623.0,701.0,1268.0,1219.0,1268.0,814.0,784.0,814.0,618.0,618.0,618.0,SUV
audi q7,226.0,200.0,407.0,363.0,296.0,182.0,174.0,191.0,329.0,360.0,335.0,150.0,142.0,183.0,111.0,81.0,181.0,190.0,266.0,236.0,256.0,203.0,167.0,232.0,210.0,210.0,236.0,303.0,292.0,303.0,254.0,244.0,254.0,111.0,111.0,111.0,SUV
audi q8,130.0,135.0,208.0,235.0,218.0,167.0,179.0,191.0,160.0,198.0,148.0,103.0,84.0,108.0,66.0,43.0,96.0,100.0,122.0,109.0,118.0,161.0,132.0,184.0,130.0,130.0,146.0,211.0,203.0,211.0,114.0,110.0,114.0,35.0,35.0,35.0,SUV
audi r8,6.0,2.0,3.0,3.0,2.0,21.0,17.0,27.0,7.0,22.0,14.0,6.0,4.0,5.0,3.0,5.0,12.0,12.0,13.0,12.0,12.0,6.0,5.0,7.0,12.0,12.0,13.0,19.0,18.0,19.0,8.0,8.0,8.0,10.0,10.0,10.0,"Coupe, Convertible"
audi tt,12.0,24.0,56.0,31.0,67.0,54.0,28.0,33.0,10.0,13.0,15.0,5.0,9.0,12.0,7.0,13.0,29.0,30.0,21.0,18.0,20.0,10.0,8.0,11.0,11.0,11.0,12.0,34.0,33.0,34.0,16.0,15.0,16.0,3.0,3.0,3.0,Coupe
bmw 2 series,78.0,61.0,137.0,165.0,190.0,140.0,95.0,65.0,84.0,106.0,45.0,36.0,50.0,65.0,39.0,63.0,140.0,147.0,158.0,140.0,152.0,136.0,112.0,155.0,152.0,152.0,171.0,237.0,228.0,237.0,214.0,206.0,214.0,78.0,78.0,78.0,"Coupe, Convertible"
bmw 3 series,189.0,212.0,363.0,762.0,643.0,523.0,501.0,524.0,738.0,489.0,615.0,349.0,246.0,318.0,193.0,181.0,401.0,421.0,393.0,349.0,378.0,335.0,275.0,383.0,287.0,287.0,323.0,453.0,436.0,543.0,403.0,388.0,403.0,305.0,305.0,305.0,Sedan
bmw 4 series,147.0,216.0,191.0,205.0,468.0,217.0,153.0,125.0,214.0,101.0,134.0,108.0,54.0,70.0,42.0,29.0,65.0,68.0,98.0,87.0,94.0,120.0,99.0,137.0,127.0,127.0,143.0,221.0,213.0,221.0,141.0,136.0,141.0,110.0,110.0,110.0,"Convertible, Sedan, Coupe"
bmw 5 series,86.0,139.0,165.0,202.0,243.0,144.0,110.0,84.0,149.0,135.0,113.0,51.0,106.0,137.0,83.0,23.0,50.0,53.0,61.0,54.0,58.0,84.0,69.0,96.0,85.0,85.0,95.0,87.0,84.0,87.0,92.0,88.0,92.0,48.0,48.0,48.0,Sedan
bmw 6 series,9.0,11.0,7.0,33.0,34.0,10.0,3.0,19.0,12.0,6.0,6.0,7.0,5.0,6.0,4.0,1.0,2.0,3.0,2.0,2.0,2.0,0.0,0.0,0.0,,,,,,,,,,,,,Sedan
bmw 7 series,15.0,15.0,38.0,44.0,36.0,34.0,40.0,41.0,59.0,19.0,12.0,22.0,13.0,17.0,10.0,8.0,17.0,18.0,19.0,17.0,18.0,17.0,14.0,20.0,13.0,13.0,15.0,15.0,14.0,15.0,17.0,17.0,17.0,15.0,15.0,15.0,Sedan
bmw 8 series,15.0,12.0,17.0,34.0,34.0,33.0,15.0,14.0,29.0,11.0,25.0,25.0,30.0,38.0,23.0,26.0,58.0,61.0,53.0,47.0,51.0,52.0,43.0,60.0,47.0,47.0,53.0,65.0,62.0,65.0,39.0,38.0,39.0,25.0,25.0,25.0,"Coupe, Convertible"
bmw i3,13.0,12.0,13.0,34.0,24.0,41.0,18.0,22.0,48.0,50.0,30.0,6.0,18.0,24.0,14.0,9.0,19.0,20.0,11.0,10.0,10.0,11.0,9.0,13.0,7.0,7.0,8.0,11.0,11.0,11.0,19.0,18.0,19.0,22.0,22.0,22.0,Hatchback
bmw x1,183.0,591.0,509.0,525.0,244.0,307.0,151.0,310.0,477.0,456.0,425.0,242.0,188.0,243.0,147.0,60.0,133.0,139.0,248.0,220.0,238.0,259.0,213.0,296.0,188.0,188.0,212.0,347.0,334.0,347.0,189.0,182.0,189.0,142.0,142.0,142.0,SUV
bmw x2,63.0,203.0,145.0,163.0,172.0,111.0,57.0,66.0,128.0,51.0,124.0,100.0,83.0,107.0,65.0,15.0,33.0,34.0,118.0,105.0,114.0,39.0,32.0,45.0,44.0,44.0,49.0,121.0,116.0,121.0,85.0,82.0,85.0,52.0,52.0,52.0,SUV
bmw x3,557.0,410.0,686.0,739.0,607.0,734.0,701.0,994.0,855.0,820.0,722.0,579.0,385.0,498.0,302.0,277.0,615.0,646.0,534.0,475.0,514.0,477.0,392.0,545.0,404.0,404.0,455.0,627.0,603.0,627.0,656.0,632.0,656.0,813.0,813.0,813.0,SUV
bmw x4,59.0,71.0,95.0,738.0,105.0,66.0,96.0,90.0,124.0,210.0,137.0,73.0,67.0,87.0,53.0,48.0,107.0,112.0,144.0,128.0,139.0,120.0,99.0,137.0,84.0,84.0,95.0,139.0,133.0,139.0,152.0,147.0,152.0,146.0,46.0,146.0,SUV
bmw x5,659.0,358.0,504.0,691.0,675.0,504.0,536.0,506.0,797.0,454.0,556.0,390.0,296.0,383.0,232.0,215.0,478.0,501.0,456.0,405.0,439.0,466.0,382.0,532.0,323.0,323.0,364.0,518.0,498.0,518.0,561.0,540.0,561.0,493.0,493.0,493.0,SUV
bmw x6,15.0,30.0,31.0,61.0,78.0,39.0,18.0,18.0,70.0,49.0,113.0,88.0,76.0,98.0,60.0,41.0,92.0,96.0,106.0,94.0,102.0,89.0,73.0,101.0,72.0,72.0,81.0,113.0,108.0,113.0,122.0,118.0,122.0,96.0,96.0,96.0,SUV
bmw x7,0.0,0.0,180.0,231.0,207.0,191.0,207.0,128.0,151.0,117.0,116.0,92.0,86.0,111.0,67.0,67.0,92.0,156.0,123.0,109.0,119.0,140.0,115.0,160.0,76.0,76.0,86.0,96.0,92.0,96.0,91.0,88.0,91.0,54.0,54.0,54.0,SUV
bmw z4,0.0,0.0,6.0,0.0,43.0,33.0,21.0,17.0,24.0,12.0,9.0,13.0,14.0,18.0,11.0,12.0,26.0,27.0,26.0,23.0,25.0,9.0,8.0,11.0,9.0,9.0,10.0,30.0,29.0,30.0,21.0,20.0,21.0,10.0,10.0,10.0,Convertible
buick enclave,174.0,199.0,300.0,312.0,347.0,262.0,303.0,317.0,183.0,199.0,169.0,169.0,159.0,206.0,125.0,57.0,126.0,132.0,182.0,161.0,175.0,152.0,125.0,173.0,167.0,167.0,188.0,253.0,243.0,253.0,175.0,168.0,175.0,127.0,127.0,127.0,SUV
buick encore,528.0,603.0,908.0,945.0,1052.0,794.0,917.0,959.0,791.0,825.0,701.0,701.0,664.0,860.0,521.0,314.0,697.0,732.0,690.0,613.0,664.0,302.0,248.0,345.0,171.0,171.0,192.0,202.0,194.0,202.0,136.0,131.0,136.0,122.0,122.0,122.0,SUV
buick envision,134.0,153.0,231.0,240.0,267.0,202.0,233.0,244.0,405.0,222.0,188.0,188.0,137.0,177.0,107.0,84.0,186.0,195.0,288.0,256.0,277.0,140.0,115.0,160.0,187.0,187.0,211.0,414.0,398.0,414.0,593.0,571.0,593.0,241.0,241.0,241.0,SUV
buick lacrosse,33.0,38.0,57.0,59.0,66.0,50.0,57.0,60.0,19.0,33.0,28.0,14.0,15.0,19.0,12.0,7.0,16.0,17.0,11.0,9.0,10.0,4.0,3.0,4.0,2.0,2.0,2.0,1.0,1.0,1.0,0.0,0.0,0.0,0.0,0.0,0.0,Sedan
buick regal,35.0,41.0,61.0,64.0,71.0,53.0,62.0,64.0,184.0,112.0,96.0,24.0,37.0,48.0,29.0,10.0,22.0,23.0,20.0,17.0,19.0,5.0,4.0,6.0,5.0,5.0,6.0,1.0,1.0,1.0,0.0,0.0,0.0,0.0,0.0,0.0,Sedan
cadillac ats,80.0,92.0,138.0,143.0,160.0,121.0,139.0,146.0,3.0,5.0,4.0,1.0,,,,,,,,,,,,,,,,,,,,,,,,,Coupe
cadillac ct6,11.0,13.0,19.0,20.0,22.0,17.0,19.0,20.0,11.0,13.0,11.0,25.0,19.0,24.0,15.0,6.0,14.0,15.0,9.0,8.0,9.0,0.0,0.0,0.0,0.0,0.0,0.0,1.0,1.0,1.0,0.0,0.0,0.0,0.0,0.0,0.0,Sedan
cadillac cts,22.0,25.0,38.0,40.0,44.0,34.0,39.0,40.0,10.0,20.0,17.0,5.0,12.0,16.0,9.0,3.0,6.0,7.0,6.0,6.0,6.0,3.0,2.0,3.0,2.0,2.0,2.0,1.0,1.0,1.0,0.0,0.0,0.0,0.0,0.0,0.0,Sedan
cadillac escalade,137.0,157.0,237.0,246.0,273.0,206.0,238.0,249.0,225.0,194.0,165.0,188.0,104.0,135.0,82.0,63.0,139.0,146.0,196.0,175.0,189.0,177.0,146.0,203.0,217.0,217.0,244.0,343.0,330.0,343.0,380.0,366.0,380.0,208.0,208.0,208.0,SUV
cadillac xt4,250.0,312.0,329.0,298.0,371.0,437.0,311.0,452.0,133.0,201.0,222.0,201.0,206.0,267.0,161.0,128.0,284.0,298.0,406.0,361.0,391.0,336.0,276.0,384.0,299.0,299.0,337.0,294.0,282.0,294.0,80.0,77.0,80.0,53.0,53.0,53.0,SUV
cadillac xt5,291.0,333.0,501.0,522.0,581.0,439.0,507.0,530.0,430.0,385.0,328.0,328.0,209.0,270.0,164.0,161.0,359.0,377.0,511.0,454.0,492.0,412.0,338.0,470.0,378.0,378.0,425.0,575.0,553.0,575.0,293.0,282.0,293.0,196.0,196.0,196.0,SUV
cadillac xt6,0.0,0.0,0.0,0.0,0.0,0.0,0.0,0.0,68.0,75.0,94.0,74.0,77.0,100.0,61.0,55.0,121.0,127.0,194.0,172.0,187.0,134.0,110.0,153.0,146.0,146.0,164.0,175.0,168.0,175.0,136.0,131.0,136.0,82.0,82.0,82.0,SUV
cadillac xts,25.0,28.0,42.0,44.0,49.0,37.0,43.0,45.0,17.0,53.0,45.0,4.0,4.0,5.0,3.0,3.0,6.0,6.0,5.0,5.0,5.0,2.0,2.0,2.0,1.0,1.0,1.0,0.0,0.0,0.0,0.0,0.0,0.0,0.0,0.0,0.0,Sedan
chevrolet blazer,341.0,851.0,1405.0,1514.0,2701.0,1975.0,2514.0,2722.0,314.0,350.0,417.0,106.0,209.0,270.0,164.0,172.0,382.0,401.0,471.0,418.0,453.0,311.0,255.0,355.0,320.0,320.0,360.0,334.0,321.0,334.0,217.0,209.0,217.0,263.0,263.0,263.0,SUV
chevrolet bolt,125.0,143.0,216.0,225.0,250.0,189.0,218.0,228.0,402.0,305.0,259.0,322.0,315.0,407.0,247.0,126.0,280.0,294.0,384.0,341.0,369.0,426.0,350.0,487.0,516.0,516.0,581.0,632.0,607.0,632.0,402.0,387.0,402.0,0.0,0.0,0.0,Hatchback
chevrolet camaro,134.0,154.0,231.0,240.0,268.0,202.0,233.0,244.0,139.0,209.0,77.0,89.0,82.0,106.0,64.0,106.0,236.0,248.0,151.0,135.0,146.0,83.0,68.0,94.0,113.0,113.0,127.0,87.0,83.0,87.0,95.0,92.0,95.0,101.0,101.0,101.0,Convertible
chevrolet colorado,463.0,529.0,796.0,828.0,922.0,696.0,804.0,841.0,891.0,723.0,615.0,423.0,389.0,503.0,305.0,335.0,745.0,782.0,570.0,506.0,549.0,663.0,544.0,757.0,626.0,626.0,704.0,452.0,435.0,452.0,406.0,391.0,406.0,358.0,358.0,358.0,Pickup
chevrolet corvette,77.0,88.0,133.0,138.0,154.0,116.0,134.0,140.0,280.0,163.0,98.0,48.0,94.0,121.0,73.0,69.0,152.0,160.0,250.0,222.0,240.0,145.0,119.0,166.0,90.0,90.0,101.0,295.0,283.0,295.0,247.0,238.0,247.0,125.0,125.0,125.0,"Coupe, Convertible"
chevrolet cruze,292.0,353.0,1114.0,760.0,511.0,1698.0,1501.0,801.0,1113.0,917.0,689.0,151.0,101.0,131.0,79.0,33.0,73.0,77.0,33.0,29.0,32.0,11.0,9.0,13.0,2.0,2.0,2.0,2.0,2.0,2.0,0.0,0.0,0.0,0.0,0.0,0.0,"Sedan, Hatchback"
chevrolet equinox,1058.0,1210.0,1821.0,1895.0,2110.0,1593.0,1840.0,1924.0,1188.0,1599.0,1499.0,766.0,1229.0,1591.0,964.0,431.0,957.0,1005.0,1212.0,1077.0,1167.0,968.0,795.0,1106.0,836.0,836.0,941.0,781.0,751.0,781.0,867.0,835.0,867.0,393.0,393.0,393.0,SUV
chevrolet express,233.0,267.0,402.0,418.0,465.0,351.0,406.0,424.0,170.0,346.0,294.0,326.0,297.0,384.0,233.0,81.0,180.0,189.0,216.0,192.0,208.0,266.0,218.0,304.0,256.0,256.0,288.0,99.0,95.0,99.0,93.0,90.0,93.0,148.0,148.0,148.0,Van Minivan
chevrolet impala,194.0,221.0,333.0,347.0,386.0,291.0,337.0,352.0,114.0,191.0,143.0,74.0,54.0,70.0,42.0,7.0,15.0,16.0,15.0,13.0,15.0,7.0,6.0,8.0,3.0,3.0,3.0,1.0,1.0,1.0,0.0,0.0,0.0,0.0,0.0,0.0,Sedan
chevrolet malibu,338.0,387.0,582.0,606.0,675.0,509.0,588.0,615.0,521.0,497.0,423.0,229.0,263.0,341.0,207.0,113.0,252.0,265.0,294.0,261.0,283.0,340.0,279.0,389.0,241.0,241.0,271.0,155.0,149.0,155.0,47.0,46.0,47.0,87.0,87.0,87.0,Sedan
chevrolet silverado,3208.0,3159.0,4803.0,4991.0,5140.0,208.0,4080.0,3867.0,5216.0,4429.0,3766.0,2970.0,3628.0,4697.0,2845.0,2228.0,4951.0,5199.0,5097.0,4531.0,4908.0,4953.0,4069.0,5661.0,4633.0,4633.0,5212.0,221.0,213.0,221.0,3792.0,3652.0,3792.0,3350.0,3350.0,3350.0,Pickup
chevrolet sonic,141.0,161.0,242.0,252.0,280.0,212.0,245.0,256.0,0.0,0.0,1.0,0.0,,,,,,,,,,,,,,,,,,,,,,,,,"Sedan, Hatchback"
chevrolet spark,245.0,280.0,422.0,439.0,489.0,369.0,426.0,446.0,770.0,637.0,541.0,419.0,386.0,500.0,303.0,296.0,658.0,690.0,698.0,620.0,672.0,495.0,407.0,566.0,455.0,455.0,512.0,572.0,550.0,572.0,585.0,564.0,585.0,432.0,432.0,432.0,Hatchback
chevrolet suburban,138.0,158.0,238.0,248.0,276.0,0.0,240.0,251.0,114.0,199.0,169.0,97.0,153.0,198.0,120.0,35.0,78.0,82.0,70.0,62.0,67.0,61.0,50.0,69.0,174.0,174.0,196.0,221.0,213.0,221.0,223.0,215.0,223.0,173.0,173.0,173.0,SUV
chevrolet tahoe,177.0,203.0,305.0,318.0,354.0,267.0,308.0,322.0,500.0,355.0,302.0,151.0,227.0,294.0,178.0,90.0,200.0,210.0,217.0,193.0,209.0,272.0,224.0,311.0,365.0,365.0,411.0,397.0,382.0,397.0,357.0,344.0,357.0,405.0,405.0,405.0,SUV
chevrolet traverse,319.0,365.0,550.0,572.0,637.0,481.0,555.0,580.0,610.0,537.0,457.0,115.0,370.0,479.0,290.0,183.0,406.0,426.0,685.0,609.0,659.0,409.0,336.0,467.0,530.0,530.0,597.0,660.0,635.0,660.0,232.0,224.0,232.0,135.0,135.0,135.0,SUV
chevrolet trax,221.0,253.0,381.0,397.0,442.0,333.0,385.0,403.0,866.0,617.0,648.0,352.0,254.0,328.0,199.0,174.0,386.0,405.0,457.0,406.0,440.0,283.0,232.0,323.0,285.0,285.0,321.0,284.0,273.0,284.0,174.0,168.0,174.0,48.0,48.0,48.0,SUV
chevrolet volt,214.0,245.0,369.0,384.0,427.0,323.0,373.0,390.0,60.0,47.0,22.0,1.0,1.0,2.0,1.0,1.0,2.0,2.0,0.0,0.0,0.0,0.0,0.0,0.0,,,,,,,,,,,,,Sedan
chrysler 200,0.0,0.0,0.0,0.0,1.0,0.0,0.0,0.0,0.0,0.0,0.0,0.0,,,,,,,,,,,,,,,,,,,,,,,,,Sedan
chrysler 300,112.0,278.0,738.0,248.0,163.0,210.0,272.0,312.0,23.0,163.0,139.0,41.0,65.0,84.0,51.0,14.0,32.0,34.0,0.0,30.0,32.0,24.0,20.0,27.0,78.0,78.0,88.0,88.0,84.0,88.0,27.0,26.0,27.0,70.0,70.0,70.0,Sedan
chrysler pacifica,277.0,235.0,304.0,264.0,537.0,599.0,345.0,396.0,265.0,279.0,237.0,93.0,219.0,283.0,172.0,70.0,156.0,164.0,0.0,241.0,261.0,302.0,248.0,345.0,459.0,459.0,516.0,302.0,290.0,302.0,539.0,519.0,539.0,194.0,194.0,194.0,Van Minivan
dodge challenger,270.0,183.0,198.0,167.0,307.0,238.0,212.0,243.0,141.0,166.0,141.0,75.0,92.0,119.0,72.0,62.0,137.0,144.0,167.0,148.0,160.0,90.0,74.0,103.0,133.0,133.0,150.0,214.0,206.0,214.0,93.0,93.0,0.0,79.0,79.0,79.0,Coupe
dodge charger,48.0,872.0,1021.0,156.0,403.0,455.0,460.0,528.0,88.0,291.0,248.0,45.0,162.0,210.0,127.0,24.0,53.0,55.0,67.0,60.0,65.0,282.0,232.0,322.0,203.0,203.0,228.0,224.0,215.0,224.0,78.0,75.0,0.0,133.0,133.0,133.0,Sedan
dodge dart,1.0,0.0,0.0,0.0,0.0,0.0,0.0,0.0,0.0,0.0,0.0,0.0,,,,,,,,,,,,,0.0,0.0,0.0,0.0,0.0,0.0,1.0,0.0,0.0,0.0,0.0,0.0,Sedan
dodge durango,700.0,958.0,957.0,1754.0,531.0,677.0,869.0,996.0,640.0,687.0,584.0,267.0,654.0,847.0,513.0,65.0,144.0,151.0,283.0,252.0,273.0,838.0,689.0,958.0,622.0,622.0,699.0,415.0,399.0,415.0,323.0,323.0,0.0,545.0,545.0,545.0,SUV
dodge grand caravan,1947.0,2889.0,3370.0,2586.0,2407.0,2744.0,2484.0,2848.0,1541.0,1986.0,1689.0,1491.0,2731.0,3536.0,2142.0,702.0,1560.0,1638.0,2127.0,1891.0,2049.0,1521.0,1249.0,1738.0,1087.0,1087.0,1223.0,792.0,762.0,792.0,120.0,120.0,0.0,7.0,7.0,7.0,Van Minivan
dodge journey,217.0,272.0,271.0,325.0,403.0,169.0,258.0,296.0,92.0,177.0,151.0,73.0,33.0,43.0,26.0,21.0,46.0,48.0,41.0,36.0,40.0,29.0,24.0,33.0,19.0,19.0,21.0,7.0,7.0,7.0,5.0,5.0,0.0,0.0,0.0,0.0,SUV
dodge viper,0.0,0.0,0.0,0.0,0.0,1.0,0.0,0.0,0.0,0.0,0.0,1.0,,,,,,,,,,,,,,,,,,,,,,,,,Coupe
fiat 124 spider,16.0,2.0,21.0,20.0,32.0,16.0,17.0,19.0,32.0,16.0,13.0,1.0,10.0,13.0,8.0,10.0,22.0,24.0,20.0,18.0,19.0,7.0,6.0,8.0,8.0,8.0,9.0,7.0,7.0,7.0,2.0,2.0,2.0,0.0,0.0,0.0,Convertible
fiat 500,12.0,3.0,16.0,10.0,18.0,10.0,11.0,12.0,5.0,9.0,7.0,4.0,4.0,5.0,3.0,0.0,1.0,1.0,1.0,1.0,1.0,0.0,0.0,0.0,0.0,0.0,1.0,0.0,0.0,0.0,1.0,1.0,1.0,1.0,0.0,0.0,Hatchback
fiat 500l,1.0,1.0,0.0,1.0,5.0,2.0,2.0,2.0,0.0,1.0,1.0,0.0,2.0,2.0,1.0,1.0,1.0,1.0,1.0,1.0,1.0,0.0,0.0,0.0,0.0,0.0,0.0,1.0,1.0,1.0,0.0,0.0,0.0,0.0,0.0,0.0,Hatchback
fiat 500x,7.0,3.0,3.0,3.0,4.0,3.0,4.0,4.0,6.0,3.0,3.0,7.0,5.0,7.0,4.0,1.0,2.0,3.0,4.0,3.0,3.0,1.0,1.0,1.0,2.0,2.0,2.0,3.0,3.0,3.0,0.0,0.0,0.0,1.0,0.0,0.0,SUV
ford e series,230.0,457.0,447.0,732.0,543.0,496.0,354.0,361.0,216.0,348.0,346.0,218.0,359.0,465.0,282.0,88.0,196.0,206.0,244.0,217.0,235.0,254.0,209.0,291.0,218.0,218.0,246.0,328.0,316.0,328.0,293.0,282.0,293.0,272.0,272.0,272.0,Van Minivan
ford ecosport,379.0,637.0,790.0,599.0,789.0,951.0,555.0,718.0,489.0,535.0,532.0,464.0,519.0,672.0,407.0,175.0,388.0,408.0,411.0,365.0,395.0,380.0,312.0,434.0,292.0,292.0,329.0,285.0,274.0,285.0,208.0,201.0,208.0,198.0,198.0,198.0,SUV
ford edge,1017.0,993.0,1849.0,2290.0,2560.0,1970.0,1679.0,1918.0,1594.0,1438.0,1431.0,1226.0,854.0,1106.0,670.0,517.0,1150.0,1207.0,1497.0,1331.0,1442.0,1160.0,953.0,1326.0,808.0,808.0,909.0,825.0,794.0,825.0,1151.0,1109.0,1151.0,1150.0,1150.0,1150.0,SUV
ford escape,2308.0,2125.0,3561.0,4215.0,4830.0,3957.0,3455.0,3163.0,3203.0,2793.0,2778.0,3116.0,1738.0,2250.0,1363.0,874.0,1943.0,2040.0,2704.0,2403.0,2604.0,1966.0,1615.0,2247.0,1135.0,1135.0,1277.0,2975.0,2861.0,3975.0,2871.0,2765.0,2871.0,1698.0,1698.0,1698.0,SUV
ford expedition,133.0,236.0,303.0,738.0,597.0,693.0,291.0,292.0,323.0,327.0,325.0,123.0,303.0,392.0,237.0,129.0,286.0,1244.0,346.0,308.0,333.0,280.0,230.0,320.0,336.0,336.0,378.0,525.0,505.0,525.0,439.0,423.0,439.0,324.0,324.0,324.0,SUV
ford explorer,810.0,765.0,965.0,779.0,781.0,682.0,663.0,762.0,748.0,630.0,927.0,1155.0,1212.0,1570.0,951.0,533.0,1185.0,301.0,1997.0,1775.0,1923.0,1294.0,1063.0,1479.0,1147.0,1147.0,1291.0,1612.0,1550.0,1612.0,1342.0,1292.0,1342.0,1352.0,1352.0,1352.0,SUV
ford f series,8554.0,8455.0,13098.0,13513.0,15891.0,15394.0,13862.0,14600.0,13675.0,10972.0,11068.0,6128.0,9262.0,11991.0,7263.0,5031.0,11180.0,11739.0,16980.0,15094.0,16351.0,8015.0,6584.0,9160.0,9676.0,9676.0,10886.0,9820.0,9443.0,9820.0,9821.0,9458.0,9821.0,9327.0,9327.0,9327.0,Pickup
ford fiesta,59.0,28.0,243.0,288.0,227.0,357.0,21.0,17.0,9.0,13.0,8.0,3.0,,,,,,,,,,,,,,,,,,,,,,,,,"Hatchback, Sedan"
ford flex,114.0,298.0,511.0,332.0,557.0,343.0,143.0,82.0,38.0,19.0,10.0,45.0,13.0,17.0,10.0,5.0,12.0,13.0,10.0,9.0,9.0,9.0,7.0,10.0,,,,,,,,,,,,,SUV
ford focus,273.0,239.0,291.0,284.0,223.0,103.0,51.0,36.0,14.0,17.0,7.0,7.0,,,,,,,,,,,,,,,,,,,,,,,,,"Sedan, Hatchback"
ford fusion,279.0,1087.0,1047.0,822.0,888.0,944.0,473.0,699.0,1041.0,880.0,456.0,137.0,772.0,999.0,605.0,202.0,449.0,472.0,343.0,305.0,331.0,227.0,187.0,260.0,108.0,108.0,122.0,120.0,115.0,120.0,51.0,49.0,51.0,22.0,22.0,22.0,Sedan
ford gt,0.0,0.0,0.0,0.0,0.0,3.0,0.0,0.0,2.0,0.0,0.0,2.0,0.0,0.0,0.0,1.0,2.0,2.0,2.0,2.0,2.0,0.0,0.0,0.0,2.0,2.0,3.0,2.0,2.0,2.0,0.0,0.0,0.0,1.0,1.0,1.0,Coupe
ford mustang,221.0,204.0,580.0,1088.0,1429.0,1277.0,640.0,499.0,399.0,574.0,571.0,146.0,193.0,250.0,152.0,291.0,646.0,678.0,613.0,545.0,590.0,229.0,188.0,262.0,235.0,235.0,264.0,650.0,625.0,650.0,378.0,364.0,378.0,148.0,148.0,148.0,"Coupe, Convertible"
ford ranger,201.0,173.0,381.0,522.0,589.0,524.0,750.0,756.0,854.0,430.0,428.0,995.0,553.0,716.0,434.0,408.0,907.0,952.0,1417.0,1259.0,1364.0,955.0,784.0,1091.0,671.0,671.0,755.0,1393.0,1339.0,1393.0,1021.0,983.0,1021.0,651.0,651.0,651.0,Pickup
ford taurus,56.0,444.0,1120.0,147.0,101.0,37.0,12.0,6.0,10.0,10.0,4.0,4.0,2.0,3.0,2.0,1.0,1.0,1.0,1.0,1.0,1.0,2.0,2.0,3.0,,,,,,,,,,,,,Sedan
ford transit,931.0,1217.0,1704.0,1344.0,1595.0,1525.0,1433.0,1665.0,1668.0,1186.0,1179.0,682.0,962.0,1246.0,754.0,469.0,1043.0,1095.0,1653.0,1470.0,1592.0,1393.0,1144.0,1592.0,1380.0,1380.0,1552.0,1224.0,1177.0,1224.0,1401.0,1349.0,1401.0,747.0,747.0,747.0,Van Minivan
ford transit connect,90.0,379.0,300.0,349.0,340.0,325.0,288.0,321.0,280.0,242.0,241.0,163.0,249.0,323.0,196.0,112.0,249.0,261.0,374.0,333.0,360.0,380.0,312.0,434.0,181.0,181.0,204.0,293.0,282.0,293.0,133.0,128.0,133.0,148.0,148.0,148.0,Van Minivan
genesis g70,37.0,93.0,93.0,115.0,121.0,121.0,107.0,86.0,98.0,96.0,75.0,77.0,47.0,82.0,44.0,28.0,66.0,92.0,108.0,96.0,112.0,108.0,102.0,288.0,31.0,52.0,72.0,87.0,151.0,128.0,125.0,152.0,110.0,112.0,52.0,88.0,Sedan
genesis g80,12.0,21.0,22.0,33.0,37.0,45.0,28.0,30.0,27.0,26.0,19.0,24.0,20.0,15.0,13.0,10.0,10.0,7.0,4.0,0.0,0.0,0.0,14.0,96.0,34.0,25.0,26.0,30.0,30.0,30.0,25.0,24.0,16.0,12.0,8.0,17.0,Sedan
genesis g90,2.0,1.0,0.0,3.0,2.0,0.0,7.0,27.0,12.0,11.0,11.0,6.0,3.0,3.0,2.0,3.0,4.0,3.0,3.0,6.0,1.0,6.0,7.0,18.0,5.0,4.0,5.0,4.0,3.0,2.0,3.0,6.0,5.0,7.0,7.0,6.0,Sedan
gmc acadia,256.0,292.0,440.0,458.0,510.0,385.0,445.0,465.0,338.0,340.0,289.0,139.0,274.0,355.0,215.0,90.0,199.0,209.0,318.0,282.0,306.0,290.0,239.0,332.0,330.0,330.0,371.0,397.0,381.0,397.0,312.0,301.0,312.0,118.0,118.0,118.0,SUV
gmc canyon,333.0,381.0,574.0,597.0,665.0,502.0,579.0,606.0,312.0,415.0,353.0,219.0,228.0,296.0,179.0,231.0,514.0,539.0,406.0,361.0,391.0,636.0,522.0,727.0,527.0,527.0,593.0,438.0,421.0,438.0,458.0,441.0,458.0,188.0,188.0,188.0,Pickup
gmc savana,318.0,363.0,547.0,569.0,633.0,478.0,552.0,277.0,733.0,468.0,398.0,296.0,417.0,540.0,327.0,145.0,323.0,339.0,439.0,391.0,423.0,453.0,372.0,518.0,280.0,280.0,315.0,214.0,206.0,214.0,111.0,107.0,111.0,181.0,181.0,181.0,Van Minivan
gmc sierra,2790.0,3190.0,4185.0,4748.0,4993.0,3089.0,3552.0,4957.0,5265.0,4465.0,3601.0,4011.0,3837.0,4968.0,3009.0,2318.0,5151.0,5409.0,5108.0,4541.0,4919.0,4126.0,3390.0,4736.0,5334.0,5334.0,6001.0,5469.0,5258.0,5469.0,3340.0,3217.0,3340.0,3665.0,3665.0,3665.0,Pickup
gmc terrain,677.0,774.0,1165.0,1213.0,1350.0,1019.0,1177.0,1231.0,867.0,1084.0,922.0,544.0,772.0,1000.0,605.0,374.0,832.0,874.0,1096.0,974.0,1055.0,764.0,628.0,874.0,586.0,586.0,659.0,873.0,840.0,873.0,628.0,605.0,628.0,320.0,320.0,320.0,SUV
gmc yukon,164.0,188.0,282.0,294.0,327.0,247.0,285.0,298.0,218.0,230.0,196.0,196.0,242.0,314.0,190.0,124.0,276.0,289.0,391.0,348.0,377.0,396.0,325.0,453.0,530.0,530.0,596.0,749.0,720.0,749.0,730.0,703.0,730.0,767.0,767.0,767.0,SUV
gmc yukon xl,124.0,141.0,213.0,222.0,247.0,186.0,215.0,225.0,142.0,196.0,167.0,156.0,162.0,209.0,127.0,0.0,0.0,0.0,0.0,0.0,0.0,0.0,0.0,0.0,,,,,,,,,,,,,SUV
honda accord,580.0,605.0,1121.0,1006.0,1443.0,1082.0,984.0,1134.0,1134.0,1025.0,774.0,493.0,532.0,504.0,256.0,100.0,481.0,675.0,842.0,699.0,648.0,808.0,563.0,1736.0,313.0,325.0,679.0,793.0,699.0,526.0,692.0,764.0,650.0,428.0,194.0,340.0,Sedan
honda civic,3661.0,3724.0,6751.0,5234.0,6963.0,6065.0,5841.0,6067.0,5295.0,5193.0,3312.0,2033.0,3915.0,3218.0,1883.0,923.0,3159.0,5095.0,4946.0,4776.0,5113.0,4466.0,3343.0,9968.0,1703.0,2164.0,3291.0,3726.0,3576.0,5783.0,4883.0,4255.0,3591.0,3711.0,3653.0,3220.0,"Hatchback, Sedan, Coupe"
honda clarity fcv,15.0,162.0,60.0,64.0,221.0,191.0,134.0,32.0,11.0,12.0,9.0,0.0,56.0,174.0,27.0,26.0,71.0,88.0,47.0,62.0,51.0,32.0,31.0,84.0,6.0,24.0,39.0,40.0,28.0,29.0,6.0,18.0,13.0,7.0,28.0,10.0,Sedan
honda cr v,2878.0,4139.0,6004.0,4497.0,5809.0,4254.0,5388.0,5578.0,4917.0,5710.0,4044.0,2641.0,3793.0,3564.0,1825.0,755.0,3090.0,1355.0,5076.0,5246.0,4500.0,5059.0,3858.0,12014.0,2858.0,3716.0,4959.0,4096.0,5046.0,6041.0,6211.0,5837.0,4180.0,2330.0,2742.0,2919.0,SUV
honda fit,419.0,261.0,435.0,421.0,504.0,273.0,295.0,206.0,252.0,169.0,155.0,47.0,150.0,122.0,72.0,41.0,128.0,170.0,176.0,193.0,295.0,250.0,209.0,555.0,60.0,68.0,109.0,56.0,36.0,11.0,10.0,4.0,3.0,2.0,1.0,1.0,Hatchback
honda hr v,970.0,725.0,982.0,1048.0,1352.0,1286.0,1200.0,1261.0,1206.0,1225.0,1077.0,653.0,774.0,734.0,0.0,142.0,778.0,1355.0,1108.0,1164.0,1317.0,1293.0,841.0,2562.0,312.0,451.0,952.0,933.0,921.0,885.0,1059.0,1103.0,1358.0,1532.0,1247.0,863.0,SUV
honda insight,20.0,39.0,41.0,30.0,66.0,56.0,107.0,102.0,86.0,95.0,69.0,42.0,54.0,43.0,26.0,7.0,22.0,22.0,43.0,40.0,50.0,44.0,37.0,108.0,26.0,27.0,38.0,41.0,31.0,30.0,30.0,11.0,10.0,3.0,2.0,2.0,Sedan
honda odyssey,568.0,524.0,811.0,1013.0,1039.0,885.0,915.0,924.0,719.0,770.0,635.0,454.0,514.0,493.0,247.0,111.0,409.0,760.0,731.0,620.0,613.0,427.0,238.0,863.0,100.0,295.0,501.0,346.0,396.0,452.0,681.0,375.0,388.0,323.0,118.0,151.0,Van Minivan
honda passport,0.0,4.0,265.0,295.0,357.0,282.0,240.0,307.0,257.0,251.0,254.0,166.0,237.0,271.0,114.0,53.0,292.0,423.0,389.0,309.0,248.0,186.0,97.0,398.0,141.0,152.0,266.0,238.0,222.0,239.0,263.0,234.0,380.0,344.0,243.0,147.0,SUV
honda pilot,528.0,492.0,1086.0,663.0,708.0,594.0,653.0,620.0,542.0,721.0,920.0,714.0,734.0,708.0,353.0,196.0,737.0,1060.0,569.0,586.0,616.0,911.0,720.0,2150.0,314.0,709.0,1251.0,715.0,674.0,590.0,605.0,557.0,479.0,618.0,478.0,408.0,SUV
honda ridgeline,247.0,201.0,284.0,320.0,365.0,310.0,291.0,311.0,252.0,244.0,356.0,224.0,304.0,325.0,146.0,92.0,287.0,333.0,350.0,256.0,167.0,277.0,208.0,624.0,87.0,235.0,482.0,288.0,230.0,260.0,161.0,50.0,409.0,272.0,585.0,432.0,Pickup
hyundai accent,315.0,334.0,506.0,743.0,738.0,695.0,701.0,435.0,362.0,508.0,365.0,287.0,202.0,190.0,111.0,59.0,297.0,466.0,428.0,356.0,260.0,240.0,50.0,359.0,,,,,,,,,,,,,Sedan
hyundai elantra,1899.0,1871.0,2808.0,4228.0,3948.0,3913.0,3864.0,4034.0,3565.0,3540.0,3643.0,2150.0,1663.0,1410.0,887.0,807.0,1752.0,2735.0,2536.0,2599.0,2195.0,2019.0,1428.0,4975.0,1108.0,1458.0,2094.0,2304.0,2666.0,2856.0,2589.0,2375.0,2698.0,2422.0,2436.0,1306.0,Sedan
hyundai ioniq,166.0,141.0,280.0,593.0,829.0,384.0,361.0,385.0,294.0,171.0,42.0,21.0,310.0,535.0,334.0,88.0,178.0,330.0,532.0,530.0,372.0,456.0,376.0,1076.0,203.0,334.0,286.0,260.0,222.0,233.0,257.0,467.0,397.0,350.0,254.0,196.0,Hatchback
hyundai kona,1211.0,1854.0,2717.0,2348.0,2743.0,2255.0,2084.0,2320.0,2127.0,2132.0,2253.0,1773.0,1651.0,1613.0,920.0,674.0,1535.0,2762.0,2915.0,3683.0,3608.0,2871.0,2474.0,7027.0,1400.0,2058.0,3402.0,3154.0,2973.0,2728.0,2778.0,2634.0,2634.0,2870.0,2564.0,1906.0,SUV
hyundai nexo,0.0,3.0,0.0,3.0,0.0,0.0,0.0,2.0,0.0,0.0,0.0,1.0,0.0,0.0,0.0,0.0,0.0,4.0,0.0,0.0,0.0,2.0,0.0,2.0,0.0,1.0,0.0,0.0,0.0,0.0,0.0,0.0,0.0,0.0,0.0,0.0,SUV
hyundai palisade,0.0,0.0,0.0,0.0,0.0,180.0,826.0,725.0,638.0,608.0,493.0,375.0,430.0,439.0,260.0,156.0,380.0,795.0,996.0,874.0,755.0,800.0,619.0,2132.0,467.0,605.0,737.0,666.0,693.0,869.0,634.0,541.0,496.0,597.0,210.0,224.0,SUV
hyundai santa fe,1162.0,1219.0,1715.0,1975.0,2154.0,2096.0,1741.0,1557.0,1528.0,1620.0,1243.0,919.0,964.0,796.0,493.0,412.0,865.0,1512.0,1514.0,1329.0,2015.0,1897.0,848.0,3076.0,632.0,848.0,1623.0,1507.0,1499.0,1405.0,1465.0,1640.0,1577.0,1502.0,1310.0,938.0,SUV
hyundai sonata,172.0,285.0,349.0,611.0,369.0,481.0,641.0,202.0,236.0,129.0,124.0,81.0,88.0,253.0,237.0,99.0,231.0,269.0,300.0,224.0,224.0,254.0,336.0,1070.0,142.0,213.0,284.0,283.0,328.0,428.0,388.0,405.0,477.0,399.0,411.0,363.0,Sedan
hyundai tucson,1366.0,1512.0,2057.0,2411.0,3169.0,3193.0,2722.0,3518.0,3082.0,2864.0,2342.0,1839.0,1354.0,1672.0,1117.0,590.0,1661.0,2529.0,2895.0,2455.0,2292.0,2615.0,2372.0,6892.0,1061.0,1521.0,2250.0,2435.0,3075.0,3118.0,2925.0,2435.0,2186.0,2135.0,1251.0,1095.0,SUV
hyundai veloster,75.0,84.0,162.0,248.0,206.0,144.0,106.0,87.0,86.0,97.0,69.0,56.0,53.0,63.0,41.0,37.0,90.0,123.0,165.0,125.0,72.0,62.0,44.0,176.0,20.0,14.0,44.0,63.0,79.0,108.0,79.0,76.0,69.0,48.0,75.0,59.0,Coupe
hyundai venue,0.0,0.0,0.0,0.0,0.0,0.0,0.0,0.0,0.0,0.0,8.0,305.0,456.0,532.0,383.0,206.0,549.0,819.0,991.0,1138.0,821.0,1023.0,1088.0,2734.0,544.0,543.0,934.0,1094.0,1208.0,1220.0,999.0,1177.0,1087.0,1013.0,1087.0,642.0,SUV
infiniti q50,108.0,140.0,269.0,185.0,203.0,222.0,101.0,165.0,166.0,94.0,115.0,103.0,159.0,103.0,56.0,29.0,65.0,68.0,120.0,107.0,115.0,74.0,60.0,84.0,89.0,89.0,100.0,98.0,94.0,98.0,89.0,86.0,89.0,56.0,56.0,56.0,Sedan
infiniti q60,24.0,48.0,62.0,45.0,54.0,48.0,28.0,34.0,50.0,33.0,60.0,36.0,31.0,30.0,9.0,10.0,22.0,23.0,32.0,28.0,30.0,15.0,12.0,17.0,24.0,24.0,27.0,38.0,37.0,38.0,27.0,26.0,27.0,13.0,13.0,13.0,Coupe
infiniti q70,2.0,4.0,12.0,4.0,6.0,4.0,3.0,3.0,6.0,3.0,4.0,5.0,2.0,4.0,1.0,1.0,1.0,1.0,1.0,1.0,1.0,0.0,0.0,0.0,,,,,,,,,,,,,Sedan
infiniti qx30,9.0,13.0,64.0,0.0,1.0,3.0,2.0,1.0,0.0,0.0,0.0,0.0,1.0,0.0,0.0,0.0,1.0,1.0,0.0,0.0,0.0,0.0,0.0,0.0,,,,,,,,,,,,,SUV
infiniti qx50,189.0,185.0,319.0,296.0,305.0,284.0,276.0,307.0,356.0,348.0,374.0,276.0,223.0,220.0,111.0,46.0,102.0,108.0,209.0,186.0,201.0,166.0,136.0,189.0,155.0,155.0,174.0,201.0,194.0,201.0,218.0,210.0,218.0,144.0,144.0,144.0,SUV
infiniti qx60,290.0,374.0,495.0,289.0,250.0,387.0,374.0,429.0,495.0,208.0,222.0,169.0,113.0,173.0,54.0,42.0,93.0,97.0,248.0,220.0,238.0,187.0,154.0,214.0,130.0,130.0,146.0,95.0,91.0,95.0,47.0,45.0,47.0,71.0,71.0,71.0,SUV
infiniti qx80,51.0,78.0,154.0,95.0,81.0,73.0,61.0,73.0,78.0,65.0,51.0,75.0,57.0,59.0,29.0,20.0,44.0,47.0,80.0,71.0,77.0,87.0,71.0,99.0,82.0,82.0,93.0,74.0,71.0,74.0,52.0,50.0,52.0,72.0,72.0,72.0,SUV
jaguar e pace,38.0,3.0,50.0,88.0,52.0,20.0,27.0,27.0,43.0,24.0,28.0,17.0,44.0,57.0,35.0,5.0,12.0,12.0,20.0,17.0,19.0,15.0,12.0,17.0,15.0,15.0,17.0,11.0,11.0,11.0,5.0,5.0,5.0,1.0,1.0,1.0,SUV
jaguar f pace,115.0,286.0,374.0,212.0,162.0,167.0,139.0,180.0,169.0,193.0,138.0,176.0,171.0,222.0,134.0,54.0,120.0,126.0,97.0,86.0,94.0,115.0,95.0,132.0,116.0,116.0,131.0,184.0,177.0,184.0,143.0,138.0,143.0,32.0,32.0,32.0,SUV
jaguar f type,7.0,16.0,65.0,11.0,27.0,33.0,22.0,14.0,40.0,9.0,18.0,6.0,15.0,20.0,12.0,9.0,20.0,21.0,13.0,11.0,12.0,19.0,16.0,22.0,17.0,17.0,19.0,21.0,20.0,21.0,10.0,10.0,10.0,9.0,9.0,9.0,Convertible
jaguar i pace,16.0,26.0,49.0,44.0,34.0,40.0,48.0,22.0,16.0,27.0,20.0,38.0,7.0,9.0,5.0,3.0,6.0,6.0,6.0,5.0,6.0,4.0,3.0,4.0,11.0,11.0,12.0,6.0,6.0,6.0,2.0,2.0,0.0,10.0,10.0,10.0,SUV
jaguar xe,11.0,8.0,24.0,5.0,9.0,19.0,16.0,23.0,21.0,9.0,6.0,6.0,8.0,11.0,7.0,3.0,7.0,8.0,8.0,7.0,7.0,4.0,3.0,4.0,,,,,,,,,,,,,Sedan
jaguar xf,2.0,3.0,26.0,2.0,4.0,5.0,7.0,8.0,25.0,3.0,2.0,19.0,5.0,7.0,4.0,1.0,3.0,3.0,5.0,5.0,5.0,3.0,2.0,3.0,6.0,6.0,7.0,10.0,10.0,10.0,3.0,3.0,3.0,1.0,1.0,1.0,"Wagon, Sedan"
jaguar xj,1.0,5.0,23.0,10.0,4.0,11.0,16.0,4.0,9.0,6.0,4.0,4.0,5.0,6.0,4.0,0.0,1.0,1.0,10.0,9.0,9.0,0.0,0.0,0.0,,,,,,,,,,,,,Sedan
jeep cherokee,1003.0,1152.0,1345.0,1266.0,1325.0,1200.0,1136.0,1302.0,1583.0,1100.0,936.0,339.0,549.0,1685.0,430.0,252.0,560.0,588.0,933.0,829.0,899.0,951.0,781.0,1087.0,975.0,0.0,1097.0,998.0,959.0,998.0,681.0,656.0,681.0,404.0,404.0,404.0,SUV
jeep compass,816.0,716.0,882.0,695.0,784.0,611.0,702.0,805.0,423.0,575.0,489.0,154.0,321.0,947.0,252.0,136.0,303.0,318.0,449.0,399.0,432.0,562.0,461.0,642.0,531.0,0.0,597.0,376.0,362.0,376.0,514.0,495.0,514.0,545.0,0.0,0.0,SUV
jeep gladiator,0.0,2.0,0.0,7.0,166.0,278.0,71.0,981.0,375.0,402.0,496.0,272.0,235.0,684.0,184.0,209.0,464.0,488.0,495.0,440.0,477.0,399.0,328.0,456.0,380.0,0.0,428.0,299.0,288.0,299.0,418.0,403.0,418.0,470.0,470.0,470.0,Pickup
jeep grand cherokee,1155.0,1689.0,1933.0,1776.0,1480.0,1629.0,1505.0,1726.0,1674.0,1374.0,1568.0,1150.0,1327.0,3165.0,1041.0,495.0,1101.0,1156.0,1627.0,1446.0,1567.0,1364.0,1120.0,1558.0,1446.0,0.0,1627.0,1405.0,1351.0,1405.0,1807.0,1740.0,1807.0,1803.0,1803.0,1803.0,SUV
jeep renegade,51.0,52.0,70.0,43.0,82.0,40.0,53.0,60.0,106.0,50.0,42.0,15.0,28.0,43.0,22.0,18.0,41.0,43.0,41.0,36.0,40.0,17.0,14.0,19.0,7.0,0.0,8.0,31.0,30.0,31.0,39.0,38.0,39.0,24.0,24.0,24.0,SUV
jeep wrangler,1639.0,2224.0,2568.0,2510.0,2112.0,2497.0,2108.0,1523.0,1973.0,1531.0,750.0,1750.0,1194.0,2992.0,937.0,771.0,1713.0,1799.0,2476.0,2201.0,2384.0,2105.0,1729.0,2406.0,1446.0,0.0,1627.0,1717.0,1651.0,1717.0,1616.0,1556.0,1616.0,1878.0,1878.0,1878.0,SUV
kia cadenza,1.0,6.0,3.0,2.0,4.0,3.0,0.0,0.0,1.0,0.0,0.0,1.0,0.0,0.0,0.0,0.0,1.0,0.0,1.0,0.0,0.0,0.0,0.0,0.0,,,,,,,,,,,,,Sedan
kia forte,847.0,885.0,1625.0,1565.0,1330.0,1599.0,1511.0,1726.0,1220.0,1307.0,1137.0,797.0,925.0,908.0,727.0,257.0,1077.0,1485.0,1648.0,1748.0,1443.0,1391.0,1242.0,3864.0,519.0,606.0,1321.0,1552.0,1784.0,1704.0,1685.0,1678.0,1671.0,1014.0,359.0,535.0,Sedan
kia k900,0.0,0.0,0.0,0.0,0.0,0.0,0.0,0.0,0.0,0.0,0.0,0.0,,,,,,,,,,,,,,,,,,,,,,,,,Sedan
kia niro,151.0,170.0,229.0,327.0,549.0,458.0,432.0,568.0,415.0,453.0,323.0,263.0,210.0,225.0,135.0,90.0,197.0,375.0,363.0,249.0,354.0,313.0,248.0,814.0,166.0,221.0,423.0,417.0,615.0,497.0,603.0,482.0,346.0,263.0,273.0,97.0,Wagon
kia optima,62.0,70.0,210.0,178.0,155.0,197.0,193.0,151.0,147.0,100.0,100.0,108.0,46.0,68.0,87.0,43.0,61.0,119.0,83.0,87.0,50.0,65.0,18.0,108.0,0.0,2.0,1.0,0.0,0.0,0.0,0.0,0.0,0.0,0.0,0.0,0.0,Sedan
kia rio,354.0,257.0,464.0,424.0,544.0,511.0,456.0,388.0,322.0,431.0,293.0,472.0,243.0,177.0,106.0,82.0,251.0,475.0,513.0,497.0,518.0,402.0,300.0,929.0,268.0,316.0,414.0,400.0,814.0,781.0,606.0,424.0,400.0,239.0,388.0,273.0,"Sedan, Hatchback"
kia sedona,223.0,320.0,422.0,450.0,771.0,624.0,435.0,469.0,327.0,289.0,377.0,285.0,270.0,309.0,198.0,48.0,166.0,437.0,527.0,555.0,379.0,359.0,246.0,734.0,61.0,78.0,18.0,17.0,9.0,1.0,1.0,2.0,2.0,1.0,0.0,0.0,Van Minivan
kia sorento,812.0,1355.0,1524.0,1784.0,1490.0,1727.0,1714.0,1406.0,1185.0,1110.0,1059.0,888.0,580.0,894.0,687.0,236.0,1299.0,1704.0,1708.0,1820.0,1236.0,577.0,207.0,873.0,485.0,646.0,899.0,1068.0,1016.0,1022.0,835.0,949.0,1226.0,409.0,830.0,890.0,SUV
kia soul,456.0,500.0,1180.0,1160.0,1361.0,1280.0,1438.0,1120.0,989.0,884.0,846.0,654.0,749.0,794.0,456.0,136.0,555.0,872.0,781.0,735.0,692.0,934.0,871.0,2294.0,228.0,382.0,588.0,797.0,671.0,743.0,928.0,757.0,954.0,653.0,416.0,227.0,Wagon
kia sportage,580.0,606.0,1187.0,957.0,1012.0,1103.0,1375.0,1336.0,1095.0,1239.0,1333.0,814.0,796.0,762.0,422.0,160.0,858.0,1249.0,1014.0,1001.0,1074.0,989.0,871.0,2593.0,497.0,730.0,1527.0,1304.0,1366.0,898.0,1242.0,1154.0,1249.0,1047.0,582.0,241.0,SUV
kia stinger,62.0,59.0,129.0,153.0,174.0,173.0,151.0,175.0,170.0,140.0,101.0,82.0,62.0,60.0,39.0,41.0,82.0,187.0,168.0,147.0,61.0,97.0,81.0,264.0,63.0,86.0,144.0,139.0,114.0,147.0,102.0,108.0,88.0,98.0,90.0,50.0,Sedan
kia telluride,0.0,0.0,111.0,438.0,523.0,375.0,300.0,294.0,345.0,297.0,187.0,127.0,164.0,308.0,249.0,137.0,172.0,269.0,145.0,160.0,389.0,357.0,256.0,868.0,264.0,460.0,636.0,391.0,295.0,485.0,293.0,353.0,391.0,187.0,268.0,247.0,SUV
land rover discovery,21.0,41.0,144.0,43.0,63.0,63.0,60.0,48.0,48.0,62.0,37.0,63.0,35.0,46.0,28.0,12.0,27.0,29.0,33.0,30.0,32.0,18.0,14.0,20.0,13.0,13.0,15.0,21.0,20.0,21.0,21.0,20.0,21.0,16.0,16.0,16.0,SUV
land rover discovery sport,54.0,70.0,140.0,148.0,45.0,78.0,76.0,60.0,133.0,97.0,92.0,83.0,84.0,109.0,66.0,29.0,64.0,68.0,83.0,73.0,79.0,68.0,56.0,77.0,90.0,90.0,101.0,41.0,39.0,41.0,30.0,29.0,30.0,26.0,26.0,26.0,SUV
land rover range rover,111.0,101.0,259.0,198.0,141.0,119.0,79.0,126.0,158.0,159.0,108.0,173.0,88.0,114.0,69.0,49.0,108.0,114.0,93.0,83.0,90.0,116.0,96.0,133.0,140.0,140.0,157.0,114.0,110.0,114.0,88.0,85.0,88.0,134.0,134.0,134.0,SUV
land rover range rover evoque,53.0,55.0,179.0,61.0,198.0,199.0,117.0,179.0,120.0,172.0,226.0,229.0,137.0,177.0,107.0,58.0,128.0,134.0,117.0,104.0,113.0,113.0,93.0,129.0,124.0,124.0,139.0,75.0,72.0,75.0,55.0,53.0,55.0,135.0,135.0,135.0,SUV
land rover range rover sport,207.0,213.0,411.0,202.0,256.0,256.0,225.0,274.0,336.0,301.0,268.0,250.0,237.0,307.0,186.0,84.0,186.0,195.0,168.0,149.0,161.0,236.0,194.0,270.0,263.0,263.0,296.0,282.0,271.0,282.0,133.0,128.0,133.0,170.0,170.0,170.0,SUV
land rover range rover velar,116.0,129.0,236.0,161.0,162.0,187.0,103.0,171.0,137.0,161.0,121.0,115.0,152.0,197.0,119.0,46.0,103.0,108.0,109.0,97.0,105.0,102.0,84.0,117.0,105.0,105.0,118.0,149.0,143.0,149.0,114.0,110.0,114.0,49.0,49.0,49.0,SUV
lexus es,120.0,103.0,185.0,240.0,223.0,210.0,196.0,168.0,215.0,179.0,192.0,123.0,115.0,110.0,71.0,34.0,100.0,75.0,161.0,171.0,166.0,242.0,181.0,124.0,97.0,52.0,163.0,129.0,156.0,153.0,182.0,131.0,193.0,148.0,148.0,148.0,Sedan
lexus gs,5.0,9.0,34.0,5.0,6.0,7.0,6.0,10.0,14.0,6.0,7.0,5.0,7.0,5.0,1.0,2.0,3.0,3.0,5.0,2.0,3.0,2.0,1.0,1.0,1.0,1.0,0.0,0.0,0.0,0.0,0.0,0.0,0.0,0.0,0.0,0.0,Sedan
lexus gx,9.0,26.0,31.0,26.0,23.0,23.0,17.0,30.0,23.0,70.0,65.0,34.0,59.0,36.0,29.0,22.0,37.0,32.0,43.0,32.0,27.0,65.0,87.0,54.0,37.0,36.0,19.0,30.0,18.0,21.0,14.0,37.0,19.0,31.0,31.0,31.0,SUV
lexus is,71.0,89.0,145.0,225.0,225.0,287.0,268.0,241.0,282.0,220.0,123.0,82.0,88.0,101.0,57.0,33.0,109.0,63.0,121.0,129.0,102.0,159.0,236.0,130.0,115.0,130.0,221.0,330.0,302.0,263.0,260.0,215.0,186.0,32.0,32.0,32.0,Sedan
lexus lc,3.0,5.0,7.0,15.0,9.0,9.0,7.0,5.0,6.0,3.0,4.0,1.0,0.0,4.0,1.0,2.0,8.0,1.0,5.0,6.0,26.0,31.0,34.0,19.0,5.0,5.0,26.0,38.0,32.0,36.0,13.0,15.0,14.0,3.0,3.0,3.0,Coupe
lexus ls,12.0,6.0,5.0,8.0,8.0,5.0,7.0,4.0,7.0,2.0,4.0,1.0,2.0,2.0,2.0,4.0,2.0,2.0,2.0,0.0,0.0,2.0,2.0,2.0,6.0,3.0,3.0,5.0,2.0,4.0,4.0,2.0,6.0,1.0,1.0,1.0,Sedan
lexus lx,111.0,89.0,114.0,101.0,127.0,62.0,29.0,70.0,58.0,96.0,110.0,86.0,82.0,68.0,64.0,91.0,80.0,55.0,7.0,7.0,39.0,199.0,135.0,94.0,54.0,48.0,38.0,52.0,36.0,35.0,34.0,19.0,19.0,26.0,26.0,26.0,SUV
lexus nx,450.0,426.0,668.0,765.0,634.0,577.0,586.0,703.0,889.0,785.0,585.0,558.0,477.0,497.0,333.0,146.0,430.0,333.0,676.0,564.0,620.0,1214.0,1009.0,655.0,330.0,442.0,684.0,797.0,667.0,699.0,822.0,820.0,988.0,345.0,345.0,345.0,SUV
lexus rc,12.0,17.0,22.0,52.0,28.0,46.0,28.0,18.0,29.0,25.0,17.0,11.0,13.0,12.0,15.0,7.0,23.0,10.0,37.0,0.0,25.0,36.0,39.0,22.0,12.0,12.0,15.0,33.0,35.0,23.0,19.0,21.0,24.0,9.0,9.0,9.0,Coupe
lexus rx,416.0,450.0,769.0,876.0,698.0,773.0,574.0,650.0,912.0,965.0,1021.0,723.0,594.0,659.0,432.0,204.0,449.0,429.0,908.0,756.0,964.0,1650.0,1320.0,863.0,451.0,493.0,836.0,904.0,801.0,944.0,923.0,884.0,1020.0,1025.0,1025.0,1025.0,SUV
lexus ux,258.0,228.0,236.0,342.0,309.0,246.0,186.0,209.0,166.0,194.0,153.0,156.0,218.0,156.0,150.0,42.0,188.0,133.0,272.0,262.0,368.0,494.0,336.0,237.0,112.0,136.0,237.0,377.0,303.0,360.0,337.0,364.0,472.0,195.0,195.0,195.0,SUV
lincoln aviator,0.0,0.0,0.0,0.0,0.0,0.0,0.0,24.0,78.0,89.0,114.0,373.0,114.0,148.0,90.0,66.0,147.0,154.0,255.0,227.0,245.0,167.0,137.0,191.0,115.0,115.0,130.0,191.0,184.0,191.0,144.0,138.0,144.0,230.0,230.0,230.0,SUV
lincoln continental,24.0,15.0,4.0,14.0,37.0,17.0,15.0,15.0,9.0,14.0,14.0,9.0,6.0,8.0,5.0,3.0,6.0,6.0,11.0,9.0,10.0,7.0,6.0,8.0,3.0,3.0,3.0,2.0,2.0,2.0,0.0,0.0,0.0,2.0,2.0,2.0,Sedan
lincoln mkc,147.0,126.0,233.0,186.0,237.0,250.0,209.0,201.0,199.0,82.0,53.0,584.0,150.0,194.0,118.0,80.0,178.0,187.0,223.0,199.0,215.0,162.0,133.0,185.0,154.0,154.0,173.0,230.0,221.0,230.0,191.0,184.0,191.0,258.0,258.0,258.0,SUV
lincoln mks,0.0,0.0,0.0,0.0,0.0,12.0,0.0,0.0,0.0,0.0,0.0,0.0,,,,,,,,,,,,,,,,,,,,,,,,,Sedan
lincoln mkt,3.0,8.0,5.0,10.0,8.0,0.0,16.0,13.0,11.0,8.0,8.0,1.0,,,,,,,,,,,,,,,,,,,,,,,,,SUV
lincoln mkx,214.0,202.0,276.0,273.0,392.0,315.0,316.0,328.0,338.0,241.0,239.0,104.0,101.0,130.0,79.0,64.0,141.0,148.0,224.0,199.0,216.0,152.0,125.0,174.0,95.0,95.0,107.0,190.0,183.0,190.0,149.0,144.0,149.0,108.0,108.0,108.0,SUV
lincoln mkz,27.0,40.0,37.0,36.0,40.0,39.0,25.0,32.0,29.0,28.0,27.0,7.0,12.0,16.0,10.0,7.0,16.0,0.0,17.0,15.0,16.0,12.0,10.0,14.0,4.0,4.0,4.0,4.0,4.0,4.0,2.0,2.0,2.0,0.0,0.0,0.0,Sedan
lincoln navigator,84.0,122.0,170.0,184.0,160.0,111.0,177.0,147.0,180.0,121.0,120.0,68.0,76.0,98.0,59.0,34.0,76.0,80.0,153.0,136.0,148.0,117.0,96.0,134.0,87.0,87.0,98.0,125.0,120.0,125.0,116.0,111.0,116.0,109.0,109.0,109.0,SUV
maserati ghibli,9.0,10.0,10.0,13.0,11.0,13.0,14.0,19.0,9.0,33.0,7.0,3.0,5.0,6.0,4.0,6.0,14.0,15.0,9.0,8.0,9.0,6.0,5.0,7.0,11.0,11.0,13.0,11.0,14.0,8.0,7.0,9.0,5.0,7.0,9.0,5.0,Sedan
maserati granturismo,0.0,1.0,0.0,3.0,5.0,3.0,2.0,3.0,1.0,2.0,0.0,1.0,0.0,0.0,0.0,1.0,2.0,2.0,0.0,0.0,0.0,1.0,1.0,1.0,2.0,2.0,3.0,0.0,0.0,0.0,0.0,0.0,0.0,0.0,0.0,0.0,"Coupe, Convertible"
maserati levante,39.0,22.0,24.0,36.0,37.0,26.0,23.0,29.0,25.0,39.0,19.0,23.0,13.0,17.0,10.0,10.0,22.0,23.0,27.0,24.0,26.0,19.0,15.0,21.0,25.0,25.0,28.0,31.0,40.0,24.0,46.0,60.0,36.0,44.0,56.0,34.0,SUV
maserati quattroporte,3.0,7.0,16.0,15.0,10.0,6.0,5.0,1.0,5.0,1.0,1.0,1.0,2.0,2.0,1.0,1.0,2.0,2.0,6.0,5.0,6.0,1.0,1.0,2.0,4.0,4.0,5.0,3.0,4.0,3.0,2.0,3.0,2.0,5.0,6.0,4.0,Sedan
mazda 3,1279.0,1331.0,2349.0,2545.0,2219.0,1823.0,2048.0,1932.0,1669.0,1707.0,1414.0,960.0,941.0,958.0,616.0,262.0,929.0,1410.0,1556.0,1404.0,1528.0,1117.0,1073.0,2994.0,783.0,717.0,1157.0,1103.0,1151.0,1298.0,1104.0,1044.0,1085.0,1114.0,827.0,421.0,"Sedan, Hatchback"
mazda 6,130.0,78.0,121.0,149.0,146.0,145.0,114.0,134.0,113.0,103.0,121.0,48.0,59.0,106.0,70.0,30.0,50.0,149.0,180.0,78.0,67.0,51.0,77.0,220.0,154.0,137.0,124.0,121.0,316.0,276.0,42.0,73.0,59.0,61.0,27.0,21.0,Sedan
mazda cx 3,529.0,572.0,906.0,910.0,969.0,966.0,1088.0,1333.0,1084.0,1124.0,858.0,511.0,555.0,559.0,372.0,107.0,295.0,681.0,834.0,621.0,426.0,522.0,333.0,1140.0,439.0,445.0,626.0,828.0,377.0,772.0,443.0,396.0,429.0,277.0,122.0,160.0,SUV
mazda cx 5,1565.0,1550.0,2391.0,2285.0,2559.0,2558.0,2752.0,2565.0,2620.0,2713.0,2477.0,1661.0,1531.0,1601.0,1153.0,419.0,1354.0,2909.0,2901.0,2632.0,2283.0,3153.0,2725.0,7922.0,1711.0,1709.0,3017.0,2807.0,2281.0,2602.0,2740.0,2577.0,2498.0,2243.0,1315.0,1071.0,SUV
mazda cx 9,224.0,263.0,418.0,307.0,361.0,455.0,474.0,359.0,305.0,364.0,419.0,473.0,292.0,289.0,192.0,99.0,177.0,369.0,450.0,398.0,376.0,444.0,513.0,1288.0,355.0,354.0,587.0,716.0,380.0,448.0,459.0,439.0,342.0,254.0,128.0,68.0,SUV
mazda mx 5 miata,18.0,30.0,65.0,115.0,126.0,78.0,155.0,85.0,52.0,24.0,19.0,7.0,26.0,23.0,18.0,22.0,102.0,165.0,68.0,57.0,22.0,5.0,1.0,11.0,16.0,82.0,220.0,190.0,132.0,149.0,108.0,40.0,28.0,10.0,11.0,30.0,Convertible
mercedes a class,119.0,173.0,277.0,224.0,328.0,313.0,498.0,327.0,365.0,396.0,352.0,260.0,204.0,264.0,160.0,82.0,182.0,191.0,320.0,284.0,308.0,121.0,99.0,138.0,173.0,173.0,194.0,183.0,176.0,183.0,139.0,134.0,139.0,76.0,76.0,76.0,Sedan
mercedes amg gt,10.0,16.0,29.0,53.0,40.0,37.0,73.0,40.0,27.0,40.0,28.0,31.0,20.0,26.0,16.0,16.0,36.0,38.0,30.0,26.0,29.0,21.0,17.0,24.0,20.0,20.0,23.0,24.0,23.0,24.0,29.0,28.0,29.0,10.0,10.0,10.0,"Coupe, Sedan, Convertible"
mercedes b class,59.0,60.0,83.0,36.0,25.0,16.0,8.0,9.0,6.0,2.0,2.0,0.0,0.0,0.0,0.0,0.0,0.0,0.0,0.0,0.0,0.0,0.0,0.0,0.0,,,,,,,,,,,,,Hatchback
mercedes c class,456.0,537.0,647.0,647.0,602.0,735.0,707.0,535.0,557.0,693.0,380.0,328.0,222.0,288.0,174.0,146.0,325.0,341.0,526.0,467.0,506.0,329.0,270.0,376.0,160.0,160.0,180.0,231.0,222.0,231.0,405.0,390.0,405.0,209.0,209.0,209.0,"Convertible, Sedan, Coupe"
mercedes cla class,138.0,57.0,104.0,56.0,71.0,39.0,16.0,9.0,48.0,162.0,201.0,164.0,121.0,157.0,95.0,42.0,94.0,99.0,100.0,89.0,96.0,65.0,53.0,74.0,99.0,99.0,111.0,146.0,140.0,146.0,98.0,94.0,98.0,81.0,81.0,81.0,Sedan
mercedes cls,263.0,186.0,339.0,338.0,380.0,312.0,276.0,273.0,301.0,265.0,296.0,223.0,111.0,143.0,87.0,78.0,174.0,182.0,217.0,193.0,209.0,136.0,112.0,155.0,115.0,115.0,129.0,209.0,201.0,209.0,162.0,156.0,162.0,124.0,124.0,174.0,Sedan
mercedes g class,19.0,251.0,185.0,151.0,99.0,53.0,58.0,82.0,104.0,101.0,106.0,63.0,58.0,75.0,45.0,27.0,61.0,64.0,123.0,109.0,118.0,83.0,68.0,94.0,107.0,107.0,121.0,76.0,73.0,76.0,99.0,96.0,99.0,171.0,171.0,171.0,SUV
mercedes gls,225.0,157.0,195.0,113.0,33.0,39.0,16.0,18.0,226.0,391.0,254.0,280.0,205.0,266.0,161.0,81.0,180.0,189.0,182.0,161.0,175.0,221.0,182.0,253.0,197.0,197.0,221.0,180.0,173.0,180.0,161.0,155.0,161.0,168.0,168.0,168.0,SUV
mercedes gla class,138.0,180.0,307.0,266.0,406.0,306.0,400.0,595.0,223.0,200.0,494.0,174.0,85.0,110.0,67.0,26.0,57.0,60.0,195.0,173.0,188.0,269.0,221.0,308.0,227.0,227.0,256.0,196.0,189.0,196.0,214.0,206.0,214.0,164.0,164.0,164.0,SUV
mercedes glc,611.0,757.0,1037.0,994.0,1051.0,921.0,806.0,892.0,949.0,919.0,1054.0,892.0,577.0,748.0,453.0,256.0,568.0,597.0,812.0,722.0,782.0,495.0,407.0,566.0,510.0,510.0,574.0,747.0,718.0,747.0,573.0,552.0,573.0,461.0,461.0,461.0,SUV
mercedes gle,393.0,308.0,445.0,290.0,381.0,596.0,542.0,632.0,531.0,515.0,460.0,646.0,519.0,672.0,407.0,201.0,446.0,468.0,542.0,482.0,522.0,638.0,524.0,729.0,543.0,543.0,611.0,680.0,654.0,680.0,551.0,530.0,551.0,552.0,552.0,552.0,SUV
mercedes metris,124.0,110.0,107.0,83.0,93.0,92.0,82.0,78.0,102.0,90.0,93.0,83.0,61.0,79.0,48.0,28.0,62.0,65.0,74.0,66.0,71.0,96.0,79.0,110.0,72.0,72.0,81.0,106.0,102.0,106.0,63.0,61.0,63.0,66.0,66.0,66.0,Van Minivan
mercedes s class,60.0,44.0,84.0,91.0,89.0,85.0,61.0,52.0,77.0,86.0,61.0,38.0,33.0,42.0,26.0,25.0,56.0,59.0,73.0,65.0,70.0,35.0,29.0,40.0,16.0,16.0,18.0,3.0,3.0,3.0,117.0,113.0,117.0,46.0,46.0,46.0,Sedan
mercedes sl class,5.0,1.0,5.0,22.0,15.0,28.0,23.0,9.0,10.0,6.0,4.0,5.0,3.0,4.0,2.0,6.0,13.0,13.0,22.0,20.0,22.0,22.0,18.0,0.0,7.0,7.0,8.0,1.0,1.0,1.0,0.0,0.0,0.0,0.0,0.0,0.0,Convertible
mercedes slc,8.0,2.0,11.0,14.0,14.0,11.0,23.0,10.0,14.0,7.0,4.0,12.0,7.0,10.0,6.0,8.0,17.0,18.0,21.0,18.0,20.0,9.0,8.0,0.0,5.0,5.0,6.0,1.0,1.0,1.0,0.0,0.0,0.0,0.0,0.0,0.0,Convertible
mercedes sprinter,259.0,235.0,416.0,397.0,342.0,383.0,382.0,405.0,466.0,409.0,376.0,297.0,247.0,319.0,193.0,156.0,347.0,365.0,442.0,393.0,425.0,486.0,399.0,556.0,421.0,421.0,474.0,156.0,150.0,156.0,433.0,417.0,433.0,337.0,337.0,337.0,Van Minivan
mini cooper,181.0,210.0,334.0,390.0,443.0,328.0,367.0,310.0,403.0,354.0,214.0,169.0,121.0,156.0,94.0,117.0,261.0,274.0,338.0,300.0,325.0,254.0,209.0,290.0,177.0,177.0,199.0,301.0,289.0,301.0,225.0,217.0,225.0,197.0,197.0,197.0,Hatchback
mini countryman,83.0,114.0,217.0,201.0,246.0,170.0,233.0,186.0,239.0,204.0,189.0,193.0,114.0,148.0,89.0,52.0,115.0,121.0,189.0,168.0,182.0,155.0,127.0,177.0,99.0,99.0,112.0,146.0,141.0,146.0,143.0,137.0,143.0,125.0,125.0,125.0,SUV
mitsubishi eclipse cross,256.0,253.0,752.0,380.0,409.0,609.0,590.0,315.0,595.0,311.0,350.0,281.0,423.0,464.0,221.0,192.0,127.0,137.0,276.0,245.0,266.0,228.0,187.0,261.0,387.0,387.0,435.0,413.0,397.0,413.0,291.0,280.0,291.0,409.0,409.0,409.0,SUV
mitsubishi mirage,143.0,183.0,433.0,172.0,248.0,180.0,213.0,186.0,146.0,141.0,111.0,114.0,109.0,87.0,155.0,149.0,109.0,118.0,101.0,89.0,97.0,73.0,60.0,83.0,61.0,61.0,69.0,102.0,98.0,102.0,45.0,44.0,45.0,94.0,94.0,94.0,Hatchback
mitsubishi outlander,631.0,743.0,1465.0,1277.0,1033.0,797.0,723.0,667.0,1232.0,950.0,735.0,448.0,454.0,871.0,863.0,564.0,403.0,436.0,768.0,683.0,739.0,561.0,461.0,641.0,541.0,541.0,608.0,930.0,894.0,930.0,884.0,851.0,884.0,815.0,815.0,815.0,SUV
mitsubishi outlander sport,412.0,571.0,1103.0,444.0,481.0,697.0,581.0,854.0,403.0,739.0,856.0,322.0,459.0,593.0,547.0,350.0,255.0,276.0,407.0,362.0,392.0,351.0,288.0,401.0,574.0,574.0,645.0,1016.0,977.0,1016.0,793.0,764.0,793.0,517.0,517.0,517.0,SUV
nissan 370z,29.0,26.0,43.0,53.0,91.0,78.0,57.0,48.0,21.0,17.0,23.0,14.0,11.0,18.0,16.0,18.0,40.0,42.0,34.0,30.0,33.0,7.0,6.0,8.0,4.0,4.0,5.0,2.0,2.0,2.0,0.0,0.0,0.0,0.0,0.0,0.0,Coupe
nissan altima,161.0,362.0,304.0,250.0,259.0,415.0,240.0,225.0,352.0,326.0,277.0,171.0,155.0,137.0,83.0,55.0,123.0,129.0,137.0,122.0,132.0,116.0,96.0,133.0,105.0,105.0,118.0,140.0,135.0,140.0,89.0,86.0,89.0,70.0,70.0,70.0,Sedan
nissan armada,118.0,54.0,64.0,35.0,50.0,75.0,25.0,38.0,40.0,26.0,39.0,29.0,25.0,20.0,16.0,10.0,22.0,23.0,51.0,45.0,49.0,33.0,27.0,37.0,47.0,47.0,53.0,65.0,63.0,65.0,49.0,47.0,49.0,37.0,37.0,37.0,SUV
nissan frontier,300.0,264.0,395.0,426.0,504.0,277.0,232.0,312.0,314.0,265.0,234.0,200.0,194.0,181.0,137.0,107.0,0.0,249.0,166.0,147.0,159.0,5.0,4.0,6.0,0.0,0.0,0.0,0.0,0.0,0.0,156.0,150.0,156.0,418.0,418.0,418.0,Pickup
nissan gt r,7.0,1.0,1.0,9.0,9.0,4.0,5.0,5.0,4.0,3.0,1.0,4.0,8.0,3.0,2.0,2.0,4.0,5.0,4.0,3.0,3.0,2.0,1.0,2.0,4.0,4.0,5.0,4.0,4.0,4.0,4.0,4.0,4.0,5.0,5.0,5.0,Coupe
nissan kicks,417.0,797.0,1435.0,1257.0,1641.0,1495.0,1480.0,1672.0,1602.0,1616.0,1592.0,1082.0,1062.0,1021.0,435.0,472.0,1048.0,1101.0,1758.0,1562.0,1693.0,1301.0,1069.0,1487.0,1415.0,1415.0,1592.0,1758.0,1690.0,1758.0,1250.0,1464.0,1520.0,1539.0,1539.0,1539.0,SUV
nissan leaf,247.0,129.0,128.0,131.0,524.0,317.0,268.0,411.0,272.0,207.0,117.0,130.0,282.0,245.0,152.0,48.0,106.0,111.0,124.0,110.0,119.0,80.0,66.0,92.0,82.0,82.0,93.0,129.0,124.0,129.0,96.0,92.0,96.0,100.0,100.0,100.0,Hatchback
nissan maxima,187.0,146.0,148.0,138.0,53.0,38.0,30.0,53.0,39.0,48.0,38.0,53.0,49.0,51.0,151.0,71.0,158.0,166.0,58.0,52.0,56.0,13.0,11.0,15.0,20.0,20.0,23.0,95.0,91.0,95.0,29.0,28.0,29.0,19.0,19.0,19.0,Sedan
nissan micra,294.0,317.0,582.0,556.0,815.0,711.0,600.0,548.0,510.0,576.0,442.0,410.0,383.0,443.0,220.0,151.0,335.0,352.0,434.0,386.0,418.0,52.0,43.0,60.0,,,,,,,,,,,,,Hatchback
nissan murano,781.0,832.0,1409.0,966.0,1074.0,1208.0,1035.0,1051.0,891.0,973.0,994.0,786.0,660.0,523.0,435.0,246.0,546.0,574.0,1073.0,954.0,1034.0,690.0,567.0,789.0,525.0,525.0,591.0,692.0,666.0,692.0,678.0,653.0,678.0,384.0,384.0,384.0,SUV
nissan nv,44.0,52.0,95.0,55.0,128.0,78.0,70.0,60.0,53.0,72.0,61.0,39.0,48.0,57.0,36.0,19.0,42.0,44.0,78.0,70.0,75.0,28.0,23.0,32.0,5.0,5.0,6.0,91.0,87.0,91.0,8.0,8.0,8.0,0.0,0.0,0.0,Van Minivan
nissan nv200,90.0,116.0,147.0,158.0,237.0,197.0,154.0,140.0,146.0,134.0,175.0,89.0,111.0,180.0,94.0,81.0,179.0,188.0,189.0,168.0,182.0,188.0,154.0,215.0,195.0,195.0,219.0,330.0,318.0,330.0,305.0,293.0,305.0,127.0,127.0,127.0,Van Minivan
nissan pathfinder,417.0,359.0,533.0,455.0,833.0,527.0,477.0,539.0,424.0,392.0,448.0,300.0,258.0,275.0,317.0,134.0,297.0,312.0,379.0,337.0,365.0,242.0,199.0,277.0,301.0,301.0,339.0,162.0,156.0,162.0,383.0,369.0,383.0,229.0,229.0,229.0,SUV
nissan qashqai,1213.0,1096.0,2229.0,1757.0,2210.0,1789.0,1295.0,1537.0,1293.0,1775.0,1436.0,896.0,960.0,1023.0,574.0,427.0,949.0,996.0,1229.0,1092.0,1183.0,891.0,732.0,1018.0,955.0,955.0,1074.0,1148.0,1104.0,1148.0,985.0,949.0,985.0,890.0,890.0,890.0,SUV
nissan rogue,1811.0,1983.0,4455.0,3029.0,3815.0,4364.0,3094.0,3725.0,3592.0,2812.0,2706.0,2144.0,2098.0,2127.0,1293.0,781.0,1736.0,1822.0,2999.0,2666.0,2888.0,2560.0,2103.0,2925.0,2950.0,2950.0,3318.0,2784.0,2677.0,2784.0,2697.0,2597.0,2697.0,1491.0,1491.0,1491.0,SUV
nissan sentra,521.0,615.0,838.0,797.0,735.0,1085.0,779.0,530.0,540.0,469.0,554.0,256.0,258.0,526.0,380.0,234.0,521.0,547.0,936.0,832.0,902.0,563.0,463.0,644.0,718.0,718.0,808.0,932.0,896.0,932.0,1265.0,1218.0,1265.0,421.0,421.0,421.0,Sedan
nissan titan,292.0,243.0,390.0,260.0,214.0,338.0,222.0,178.0,143.0,142.0,221.0,164.0,153.0,113.0,89.0,80.0,178.0,187.0,109.0,97.0,105.0,36.0,30.0,41.0,30.0,30.0,34.0,71.0,68.0,71.0,23.0,22.0,23.0,14.0,14.0,14.0,Pickup
nissan versa,365.0,363.0,410.0,310.0,285.0,189.0,152.0,154.0,140.0,1.0,0.0,0.0,0.0,0.0,0.0,0.0,0.0,0.0,0.0,0.0,0.0,42.0,35.0,48.0,188.0,188.0,212.0,410.0,394.0,410.0,247.0,238.0,247.0,121.0,121.0,121.0,Sedan
porsche 718,16.0,18.0,32.0,57.0,0.0,55.0,40.0,20.0,10.0,23.0,18.0,32.0,3.0,4.0,2.0,12.0,26.0,27.0,131.0,117.0,127.0,35.0,29.0,40.0,37.0,37.0,41.0,75.0,72.0,75.0,66.0,63.0,66.0,36.0,36.0,36.0,Convertible
porsche 911,62.0,82.0,102.0,173.0,0.0,78.0,90.0,66.0,121.0,219.0,102.0,186.0,61.0,79.0,48.0,46.0,102.0,108.0,103.0,92.0,99.0,59.0,49.0,68.0,70.0,70.0,79.0,178.0,171.0,178.0,86.0,83.0,86.0,121.0,121.0,121.0,Convertible
porsche cayenne,184.0,209.0,288.0,290.0,0.0,221.0,290.0,241.0,385.0,188.0,253.0,256.0,98.0,127.0,77.0,84.0,186.0,195.0,371.0,330.0,358.0,242.0,805.0,277.0,131.0,131.0,147.0,296.0,285.0,296.0,279.0,269.0,279.0,110.0,110.0,110.0,SUV
porsche macan,85.0,141.0,205.0,299.0,0.0,510.0,314.0,439.0,325.0,329.0,269.0,235.0,108.0,139.0,84.0,94.0,210.0,220.0,301.0,268.0,290.0,192.0,158.0,219.0,228.0,228.0,257.0,355.0,341.0,355.0,268.0,258.0,268.0,366.0,366.0,366.0,SUV
porsche panamera,35.0,35.0,58.0,70.0,0.0,62.0,65.0,42.0,53.0,34.0,34.0,51.0,16.0,21.0,13.0,14.0,30.0,32.0,35.0,31.0,34.0,14.0,12.0,16.0,10.0,10.0,11.0,34.0,33.0,34.0,31.0,30.0,31.0,27.0,27.0,27.0,Sedan
ram,5496.0,6394.0,7230.0,8335.0,9697.0,9563.0,7277.0,8345.0,8177.0,6733.0,5727.0,6619.0,6229.0,8065.0,4885.0,3059.0,6797.0,7137.0,9490.0,8436.0,9139.0,6894.0,5663.0,7879.0,6837.0,6837.0,7692.0,6219.0,5980.0,6219.0,5023.0,4837.0,5023.0,6270.0,6270.0,6270.0,Pickup
ram promaster,269.0,454.0,592.0,439.0,455.0,460.0,416.0,477.0,41.0,314.0,267.0,388.0,412.0,533.0,323.0,102.0,226.0,238.0,410.0,364.0,395.0,174.0,143.0,199.0,217.0,217.0,244.0,213.0,205.0,213.0,276.0,266.0,276.0,295.0,295.0,295.0,Van Minivan
ram promaster city,115.0,34.0,98.0,124.0,47.0,99.0,81.0,92.0,252.0,61.0,52.0,11.0,27.0,35.0,21.0,31.0,69.0,72.0,55.0,49.0,53.0,49.0,40.0,56.0,21.0,21.0,24.0,64.0,62.0,64.0,25.0,24.0,25.0,64.0,64.0,64.0,Van Minivan
smart fortwo,0.0,0.0,11.0,0.0,82.0,35.0,25.0,0.0,22.0,12.0,1.0,0.0,,,,,,,,,,,,,,,,,,,,,,,,,Hatchback
subaru ascent,198.0,253.0,384.0,472.0,414.0,397.0,292.0,303.0,314.0,336.0,410.0,366.0,197.0,207.0,146.0,67.0,139.0,269.0,407.0,349.0,352.0,328.0,293.0,872.0,147.0,231.0,342.0,306.0,306.0,394.0,305.0,260.0,136.0,78.0,426.0,428.0,SUV
subaru brz,24.0,214.0,49.0,65.0,67.0,55.0,40.0,38.0,34.0,20.0,19.0,22.0,65.0,161.0,51.0,11.0,34.0,66.0,66.0,62.0,37.0,32.0,24.0,83.0,19.0,31.0,46.0,42.0,27.0,4.0,1.0,1.0,1.0,0.0,129.0,137.0,Coupe
subaru crosstrek,810.0,643.0,1040.0,1165.0,1355.0,1244.0,1427.0,1373.0,1631.0,1858.0,1445.0,1193.0,1024.0,1011.0,705.0,358.0,843.0,1118.0,1459.0,1377.0,2576.0,2724.0,2197.0,6769.0,1003.0,1336.0,2166.0,1827.0,2234.0,2306.0,2839.0,2568.0,2441.0,2935.0,1038.0,649.0,SUV
subaru forester,850.0,624.0,1087.0,1113.0,1413.0,1182.0,1117.0,1066.0,1198.0,1204.0,1114.0,1091.0,779.0,833.0,569.0,282.0,693.0,1004.0,1368.0,1371.0,1366.0,1026.0,996.0,2847.0,526.0,582.0,1091.0,1106.0,1311.0,1116.0,1145.0,1145.0,892.0,506.0,121.0,282.0,SUV
subaru impreza,490.0,552.0,771.0,805.0,961.0,952.0,777.0,802.0,747.0,951.0,657.0,600.0,380.0,435.0,292.0,142.0,391.0,619.0,755.0,725.0,676.0,531.0,418.0,1279.0,176.0,178.0,334.0,329.0,345.0,362.0,317.0,310.0,426.0,482.0,699.0,458.0,"Wagon, Sedan"
subaru wrx,174.0,31.0,331.0,357.0,386.0,316.0,307.0,187.0,97.0,194.0,189.0,137.0,168.0,161.0,98.0,142.0,240.0,273.0,265.0,176.0,245.0,416.0,435.0,1068.0,185.0,129.0,171.0,385.0,370.0,308.0,360.0,294.0,389.0,553.0,111.0,23.0,Sedan
subaru legacy,98.0,131.0,170.0,178.0,200.0,190.0,125.0,116.0,90.0,152.0,146.0,156.0,82.0,109.0,74.0,29.0,65.0,110.0,126.0,144.0,139.0,94.0,94.0,294.0,53.0,57.0,102.0,82.0,92.0,51.0,84.0,88.0,98.0,84.0,85.0,74.0,Sedan
subaru outback,499.0,621.0,948.0,1065.0,1079.0,981.0,1074.0,845.0,644.0,926.0,1184.0,1106.0,679.0,718.0,510.0,259.0,570.0,833.0,1232.0,1072.0,1220.0,1168.0,1095.0,3200.0,544.0,677.0,1134.0,1122.0,818.0,709.0,988.0,1187.0,1337.0,1017.0,800.0,931.0,SUV
tesla model 3,2100.0,2100.0,2100.0,400.0,400.0,400.0,400.0,400.0,400.0,400.0,400.0,400.0,438.0,568.0,344.0,135.0,300.0,315.0,438.0,390.0,422.0,945.0,776.0,1080.0,1024.0,1024.0,1152.0,1081.0,1039.0,1081.0,1080.0,1040.0,1080.0,1067.0,1067.0,1067.0,Sedan
tesla model s,110.0,110.0,110.0,110.0,110.0,110.0,110.0,110.0,110.0,110.0,110.0,110.0,117.0,151.0,92.0,27.0,60.0,63.0,123.0,109.0,118.0,34.0,28.0,39.0,48.0,48.0,54.0,51.0,49.0,51.0,51.0,49.0,51.0,50.0,50.0,50.0,Sedan
tesla model x,140.0,140.0,140.0,140.0,140.0,140.0,140.0,140.0,140.0,140.0,140.0,140.0,146.0,189.0,115.0,41.0,90.0,95.0,140.0,125.0,135.0,67.0,55.0,77.0,80.0,80.0,90.0,84.0,81.0,84.0,84.0,81.0,84.0,83.0,83.0,83.0,SUV
toyota 4runner,605.0,393.0,784.0,762.0,854.0,681.0,824.0,903.0,522.0,690.0,663.0,549.0,513.0,542.0,347.0,323.0,656.0,357.0,630.0,497.0,554.0,1470.0,1160.0,772.0,668.0,748.0,738.0,643.0,601.0,710.0,788.0,983.0,814.0,533.0,533.0,533.0,SUV
toyota 86,9.0,12.0,35.0,22.0,20.0,38.0,32.0,34.0,20.0,16.0,12.0,12.0,9.0,13.0,16.0,13.0,30.0,10.0,51.0,24.0,23.0,20.0,15.0,10.0,10.0,6.0,17.0,13.0,14.0,7.0,2.0,0.0,0.0,2.0,2.0,2.0,Coupe
toyota avalon,34.0,17.0,47.0,37.0,51.0,26.0,25.0,30.0,45.0,43.0,29.0,21.0,19.0,32.0,7.0,6.0,14.0,15.0,33.0,35.0,15.0,26.0,20.0,13.0,17.0,12.0,17.0,19.0,23.0,14.0,12.0,18.0,14.0,7.0,7.0,7.0,Sedan
toyota c hr,416.0,380.0,650.0,791.0,919.0,767.0,719.0,684.0,539.0,587.0,489.0,342.0,414.0,568.0,465.0,195.0,687.0,369.0,924.0,596.0,387.0,1095.0,866.0,569.0,297.0,478.0,778.0,835.0,910.0,875.0,1061.0,922.0,874.0,382.0,382.0,382.0,SUV
toyota camry,929.0,920.0,1544.0,1580.0,1946.0,1667.0,1287.0,915.0,791.0,723.0,771.0,581.0,644.0,1160.0,503.0,219.0,458.0,588.0,1046.0,1457.0,1663.0,1770.0,1266.0,857.0,714.0,672.0,900.0,1132.0,1353.0,1241.0,1449.0,1209.0,1043.0,728.0,728.0,728.0,Sedan
toyota corolla,2734.0,2486.0,4035.0,4575.0,6246.0,4546.0,4047.0,4788.0,3892.0,4245.0,3571.0,2431.0,2590.0,3128.0,2100.0,928.0,2588.0,1991.0,3375.0,3812.0,3911.0,5612.0,4306.0,2815.0,1595.0,1925.0,3596.0,3672.0,4592.0,5192.0,4152.0,4268.0,4635.0,2131.0,2131.0,2131.0,Sedan
toyota highlander,729.0,792.0,1184.0,1095.0,1185.0,1423.0,1347.0,1336.0,1114.0,1366.0,1316.0,924.0,1129.0,1067.0,645.0,508.0,777.0,724.0,1362.0,1555.0,1565.0,2958.0,2559.0,1608.0,1029.0,1328.0,2013.0,1827.0,1917.0,2289.0,2070.0,1863.0,1499.0,1350.0,1350.0,1350.0,SUV
toyota land cruiser,32.0,12.0,12.0,39.0,42.0,12.0,22.0,65.0,23.0,20.0,14.0,0.0,8.0,6.0,4.0,12.0,11.0,5.0,31.0,75.0,27.0,54.0,60.0,32.0,32.0,20.0,18.0,28.0,25.0,30.0,43.0,31.0,20.0,47.0,47.0,47.0,SUV
toyota mirai,3.0,18.0,10.0,5.0,17.0,0.0,4.0,0.0,4.0,5.0,4.0,0.0,0.0,1.0,2.0,0.0,1.0,1.0,0.0,2.0,2.0,6.0,3.0,5.0,16.0,3.0,3.0,0.0,1.0,1.0,1.0,2.0,38.0,21.0,21.0,21.0,Sedan
toyota prius,297.0,394.0,779.0,836.0,1381.0,633.0,1089.0,1348.0,1001.0,1224.0,954.0,569.0,555.0,596.0,440.0,184.0,508.0,405.0,598.0,463.0,651.0,909.0,666.0,442.0,182.0,289.0,595.0,616.0,639.0,786.0,841.0,852.0,0.0,425.0,425.0,425.0,Hatchback
toyota rav4,3630.0,3838.0,4918.0,6247.0,6791.0,6509.0,5936.0,5819.0,5785.0,6348.0,5634.0,3793.0,3882.0,4065.0,2872.0,1432.0,3268.0,2756.0,6472.0,7646.0,6896.0,12444.0,9936.0,6308.0,3699.0,4594.0,7372.0,7920.0,7088.0,7235.0,6702.0,5264.0,2954.0,3035.0,3035.0,3035.0,SUV
toyota sequoia,41.0,35.0,54.0,72.0,46.0,59.0,82.0,30.0,38.0,25.0,35.0,26.0,31.0,31.0,23.0,29.0,16.0,22.0,48.0,48.0,30.0,81.0,56.0,40.0,36.0,38.0,36.0,52.0,33.0,44.0,31.0,15.0,39.0,31.0,31.0,31.0,SUV
toyota sienna,1433.0,936.0,1563.0,1482.0,1382.0,1369.0,1520.0,1280.0,1112.0,876.0,1098.0,580.0,359.0,391.0,456.0,665.0,672.0,307.0,1085.0,1008.0,736.0,1304.0,1032.0,806.0,751.0,745.0,775.0,957.0,918.0,1616.0,1330.0,722.0,1466.0,863.0,863.0,863.0,Van Minivan
toyota supra,0.0,0.0,0.0,0.0,0.0,0.0,66.0,106.0,32.0,12.0,26.0,10.0,11.0,13.0,16.0,11.0,26.0,10.0,34.0,53.0,47.0,99.0,38.0,36.0,13.0,7.0,24.0,48.0,73.0,79.0,53.0,29.0,33.0,17.0,17.0,17.0,Hatchback
toyota tacoma,852.0,733.0,1055.0,1324.0,1169.0,1186.0,1147.0,1121.0,865.0,1078.0,1139.0,867.0,941.0,1052.0,714.0,613.0,1283.0,689.0,1141.0,1359.0,2031.0,3306.0,2290.0,1527.0,784.0,697.0,994.0,1884.0,1476.0,1514.0,1388.0,1300.0,1704.0,1046.0,1046.0,1046.0,Pickup
toyota tundra,612.0,631.0,909.0,952.0,1134.0,867.0,882.0,1139.0,641.0,617.0,907.0,675.0,739.0,815.0,564.0,543.0,862.0,539.0,649.0,794.0,930.0,2013.0,1574.0,1031.0,555.0,500.0,493.0,603.0,507.0,627.0,570.0,482.0,640.0,559.0,559.0,559.0,Pickup
toyota yaris,422.0,374.0,606.0,750.0,827.0,741.0,735.0,688.0,475.0,372.0,146.0,120.0,190.0,158.0,117.0,40.0,208.0,118.0,256.0,233.0,261.0,384.0,262.0,172.0,41.0,57.0,103.0,43.0,39.0,0.0,0.0,0.0,0.0,0.0,0.0,0.0,Sedan
volkswagen arteon,0.0,0.0,13.0,80.0,53.0,38.0,47.0,36.0,21.0,49.0,38.0,81.0,26.0,34.0,21.0,14.0,30.0,32.0,43.0,39.0,42.0,24.0,20.0,27.0,19.0,19.0,21.0,37.0,36.0,37.0,28.0,27.0,28.0,13.0,13.0,13.0,Sedan
volkswagen atlas,530.0,521.0,822.0,925.0,881.0,725.0,761.0,769.0,748.0,933.0,695.0,601.0,511.0,661.0,400.0,316.0,701.0,736.0,1103.0,981.0,1062.0,978.0,803.0,1118.0,840.0,840.0,945.0,1358.0,1306.0,1358.0,1378.0,1327.0,1378.0,920.0,920.0,920.0,SUV
volkswagen beetle,136.0,170.0,331.0,408.0,384.0,341.0,351.0,310.0,160.0,178.0,89.0,52.0,49.0,64.0,39.0,44.0,97.0,102.0,20.0,18.0,20.0,2.0,2.0,3.0,1.0,1.0,1.0,0.0,0.0,0.0,0.0,0.0,0.0,0.0,0.0,0.0,"Convertible, Coupe, Hatchback"
volkswagen golf,1142.0,969.0,1558.0,1527.0,1970.0,1531.0,1843.0,1969.0,1701.0,2013.0,1918.0,1527.0,1059.0,1371.0,830.0,639.0,1421.0,1492.0,1401.0,1245.0,1349.0,778.0,639.0,889.0,774.0,774.0,871.0,1110.0,1068.0,1110.0,741.0,714.0,741.0,228.0,228.0,228.0,Hatchback
volkswagen jetta,934.0,1052.0,1254.0,1777.0,2088.0,1342.0,1632.0,1794.0,1394.0,1469.0,1375.0,1149.0,854.0,1105.0,669.0,372.0,826.0,868.0,1212.0,1077.0,1167.0,810.0,666.0,926.0,829.0,829.0,933.0,1022.0,983.0,1022.0,1466.0,1412.0,1466.0,874.0,874.0,874.0,Sedan
volkswagen passat,93.0,64.0,108.0,82.0,78.0,49.0,34.0,31.0,31.0,44.0,11.0,47.0,170.0,220.0,133.0,41.0,69.0,72.0,202.0,180.0,194.0,160.0,131.0,182.0,209.0,209.0,235.0,214.0,206.0,214.0,166.0,160.0,166.0,125.0,125.0,125.0,Sedan
volkswagen tiguan,1166.0,1352.0,1677.0,1564.0,1603.0,1541.0,1635.0,1949.0,2044.0,2296.0,1409.0,1014.0,925.0,1198.0,725.0,346.0,769.0,807.0,1874.0,1665.0,1804.0,1392.0,1144.0,1591.0,1076.0,1076.0,1211.0,1837.0,1766.0,1837.0,2225.0,2142.0,2225.0,1212.0,1212.0,1212.0,SUV
volkswagen touareg,7.0,2.0,5.0,2.0,1.0,3.0,2.0,0.0,1.0,3.0,0.0,0.0,0.0,0.0,0.0,0.0,1.0,1.0,0.0,0.0,0.0,0.0,0.0,0.0,,,,,,,,,,,,,SUV
volvo s60,70.0,137.0,155.0,164.0,209.0,224.0,149.0,125.0,154.0,139.0,157.0,267.0,94.0,142.0,45.0,44.0,98.0,103.0,126.0,112.0,121.0,147.0,121.0,168.0,98.0,98.0,110.0,0.0,134.0,81.0,121.0,157.0,95.0,122.0,158.0,96.0,Sedan
volvo s90,50.0,25.0,33.0,28.0,27.0,30.0,34.0,11.0,15.0,2.0,28.0,12.0,10.0,10.0,5.0,2.0,4.0,4.0,17.0,15.0,16.0,18.0,15.0,21.0,7.0,7.0,8.0,15.0,19.0,12.0,15.0,19.0,12.0,23.0,29.0,18.0,Sedan
volvo xc40,109.0,116.0,227.0,226.0,191.0,99.0,181.0,191.0,134.0,216.0,231.0,211.0,155.0,157.0,75.0,79.0,176.0,184.0,287.0,255.0,277.0,205.0,169.0,235.0,222.0,222.0,250.0,369.0,477.0,289.0,252.0,327.0,198.0,224.0,290.0,176.0,SUV
volvo xc60,125.0,137.0,234.0,320.0,280.0,307.0,343.0,283.0,305.0,240.0,241.0,230.0,149.0,162.0,72.0,94.0,208.0,219.0,400.0,355.0,385.0,372.0,306.0,426.0,155.0,155.0,174.0,241.0,312.0,189.0,395.0,511.0,309.0,311.0,402.0,244.0,SUV
volvo xc90,174.0,161.0,215.0,285.0,274.0,268.0,198.0,220.0,263.0,204.0,231.0,240.0,138.0,153.0,66.0,85.0,190.0,199.0,264.0,235.0,254.0,272.0,223.0,310.0,190.0,190.0,214.0,261.0,338.0,205.0,281.0,364.0,220.0,192.0,249.0,151.0,SUV
acura ilx,,,,,,,,,,,,,49.0,39.0,23.0,14.0,55.0,77.0,55.0,79.0,100.0,111.0,78.0,244.0,,,,,,,,,,,,,Sedan
acura mdx,,,,,,,,,,,,,194.0,196.0,94.0,54.0,224.0,420.0,353.0,420.0,437.0,429.0,255.0,845.0,,,,,,,,,,,,,SUV
buick encore gx,,,,,,,,,,,,,0.0,0.0,0.0,249.0,554.0,581.0,683.0,607.0,658.0,578.0,475.0,660.0,552.0,552.0,621.0,780.0,750.0,780.0,598.0,576.0,598.0,384.0,384.0,384.0,SUV
cadillac ct4,,,,,,,,,,,,,0.0,0.0,0.0,5.0,10.0,11.0,47.0,42.0,46.0,65.0,54.0,75.0,63.0,63.0,71.0,81.0,78.0,81.0,68.0,65.0,68.0,29.0,29.0,29.0,Sedan
cadillac ct5,,,,,,,,,,,,,29.0,37.0,23.0,38.0,85.0,89.0,81.0,72.0,78.0,108.0,88.0,123.0,95.0,95.0,107.0,100.0,96.0,100.0,63.0,60.0,63.0,49.0,49.0,49.0,Sedan
chevrolet trailblazer,,,,,,,,,,,,,0.0,0.0,0.0,71.0,157.0,165.0,275.0,244.0,265.0,442.0,363.0,505.0,698.0,698.0,785.0,884.0,850.0,884.0,582.0,561.0,582.0,373.0,373.0,373.0,SUV
chrysler grand caravan,,,,,,,,,,,,,0.0,0.0,0.0,0.0,0.0,0.0,0.0,0.0,0.0,9.0,7.0,10.0,218.0,218.0,245.0,208.0,200.0,208.0,381.0,367.0,381.0,99.0,99.0,99.0,Minivan
ford bronco sport,,,,,,,,,,,,,0.0,0.0,0.0,0.0,0.0,0.0,0.0,0.0,0.0,66.0,54.0,75.0,484.0,484.0,544.0,936.0,900.0,936.0,561.0,540.0,561.0,1717.0,1717.0,1717.0,SUV
ford mustang mach e,,,,,,,,,,,,,0.0,0.0,0.0,0.0,0.0,0.0,0.0,0.0,0.0,0.0,0.0,6.0,213.0,213.0,239.0,489.0,470.0,489.0,384.0,370.0,384.0,367.0,367.0,367.0,SUV
genesis gv80,,,,,,,,,,,,,0.0,0.0,0.0,0.0,0.0,0.0,0.0,0.0,0.0,0.0,20.0,276.0,108.0,106.0,160.0,154.0,146.0,168.0,121.0,119.0,113.0,119.0,130.0,109.0,SUV
honda cr z,,,,,,,,,,,,,0.0,0.0,372.0,0.0,0.0,0.0,0.0,0.0,0.0,0.0,0.0,0.0,,,,,,,,,,,,,Coupe
kia k5,,,,,,,,,,,,,0.0,0.0,0.0,0.0,0.0,0.0,0.0,0.0,0.0,40.0,99.0,234.0,55.0,58.0,146.0,118.0,136.0,147.0,135.0,175.0,152.0,66.0,80.0,67.0,Sedan
kia seltos,,,,,,,,,,,,,83.0,0.0,65.0,468.0,1185.0,1475.0,1349.0,1781.0,1814.0,1936.0,1781.0,4944.0,754.0,1065.0,1633.0,1837.0,1401.0,1444.0,947.0,1346.0,1523.0,1260.0,646.0,580.0,SUV
land rover defender,,,,,,,,,,,,,0.0,0.0,0.0,2.0,4.0,5.0,112.0,100.0,108.0,168.0,138.0,192.0,216.0,216.0,243.0,129.0,124.0,129.0,155.0,150.0,155.0,86.0,86.0,86.0,SUV
mazda cx 30,,,,,,,,,,,,,351.0,696.0,373.0,252.0,682.0,881.0,1055.0,912.0,1205.0,1122.0,852.0,2564.0,581.0,670.0,1158.0,1147.0,1168.0,1271.0,1444.0,1338.0,1179.0,804.0,501.0,146.0,SUV
mercedes citan,,,,,,,,,,,,,0.0,0.0,0.0,0.0,0.0,325.0,0.0,0.0,0.0,0.0,0.0,0.0,,,,,,,,,,,,,Van
mercedes glb,,,,,,,,,,,,,113.0,146.0,88.0,58.0,129.0,136.0,141.0,126.0,136.0,237.0,195.0,271.0,250.0,250.0,281.0,234.0,225.0,234.0,228.0,219.0,228.0,208.0,208.0,208.0,SUV
porsche taycan,,,,,,,,,,,,,6.0,8.0,5.0,9.0,20.0,21.0,132.0,117.0,127.0,134.0,110.0,153.0,54.0,54.0,60.0,94.0,90.0,94.0,44.0,43.0,44.0,52.0,52.0,52.0,Sedan
tesla model y,,,,,,,,,,,,,0.0,0.0,0.0,0.0,0.0,0.0,0.0,0.0,0.0,371.0,305.0,424.0,512.0,512.0,576.0,540.0,519.0,540.0,540.0,520.0,540.0,533.0,533.0,533.0,SUV
toyota venza,,,,,,,,,,,,,0.0,0.0,0.0,0.0,0.0,0.0,0.0,0.0,165.0,537.0,421.0,280.0,174.0,217.0,407.0,494.0,500.0,505.0,744.0,841.0,948.0,473.0,473.0,473.0,Wagon
audi e tron gt,,,,,,,,,,,,,,,,,,,,,,,,,0.0,0.0,0.0,0.0,0.0,0.0,42.0,40.0,42.0,28.0,28.0,28.0,Sedan
ford bronco,,,,,,,,,,,,,,,,,,,,,,,,,0.0,0.0,0.0,7.0,7.0,7.0,506.0,488.0,506.0,913.0,913.0,913.0,SUV
ford maverick,,,,,,,,,,,,,,,,,,,,,,,,,0.0,0.0,0.0,0.0,0.0,0.0,1.0,1.0,1.0,500.0,500.0,500.0,Pickup
genesis gv70,,,,,,,,,,,,,,,,,,,,,,,,,0.0,0.0,0.0,0.0,45.0,131.0,250.0,225.0,257.0,253.0,230.0,131.0,SUV
hyundai ioniq 5,,,,,,,,,,,,,,,,,,,,,,,,,0.0,0.0,0.0,0.0,0.0,0.0,0.0,0.0,0.0,0.0,0.0,232.0,SUV
hyundai santa cruz,,,,,,,,,,,,,,,,,,,,,,,,,0.0,0.0,0.0,0.0,0.0,0.0,0.0,90.0,222.0,176.0,242.0,200.0,SUV
infiniti qx55,,,,,,,,,,,,,,,,,,,,,,,,,0.0,0.0,0.0,64.0,62.0,64.0,58.0,56.0,58.0,40.0,40.0,40.0,SUV
jeep commander,,,,,,,,,,,,,,,,,,,,,,,,,0.0,0.0,0.0,0.0,0.0,0.0,0.0,0.0,0.0,0.0,545.0,545.0,SUV
jeep grand wagoneer,,,,,,,,,,,,,,,,,,,,,,,,,0.0,0.0,0.0,0.0,0.0,4.0,0.0,3.0,3.0,106.0,106.0,106.0,SUV
jeep wagoneer,,,,,,,,,,,,,,,,,,,,,,,,,0.0,0.0,0.0,0.0,0.0,0.0,3.0,0.0,0.0,0.0,0.0,0.0,SUV
kia carnival,,,,,,,,,,,,,,,,,,,,,,,,,0.0,0.0,0.0,0.0,399.0,981.0,928.0,917.0,405.0,274.0,163.0,58.0,Minivan
mazda mx 30,,,,,,,,,,,,,,,,,,,,,,,,,0.0,0.0,0.0,0.0,0.0,0.0,0.0,0.0,0.0,73.0,44.0,31.0,SUV
mercedes m class,,,,,,,,,,,,,,,,,,,,,,,,,0.0,0.0,0.0,0.0,0.0,0.0,0.0,155.0,161.0,0.0,0.0,0.0,SUV
toyota corolla cross,,,,,,,,,,,,,,,,,,,,,,,,,0.0,0.0,0.0,0.0,0.0,0.0,0.0,0.0,0.0,289.0,289.0,289.0,SUV
volkswagen id.4,,,,,,,,,,,,,,,,,,,,,,,,,0.0,0.0,0.0,0.0,0.0,0.0,0.0,0.0,0.0,179.0,179.0,179.0,SUV
volkswagen taos,,,,,,,,,,,,,,,,,,,,,,,,,0.0,0.0,0.0,59.0,56.0,59.0,263.0,253.0,263.0,889.0,889.0,889.0,SUV
volvo s40,,,,,,,,,,,,,,,,,,,,,,,,,0.0,0.0,0.0,103.0,0.0,0.0,0.0,0.0,0.0,0.0,0.0,0.0,Sedan
